patient_id,trial_id,actual_label
P001,CTRI/2024/01/062001,0
P001,CTRI/2024/02/062115,0
P001,CTRI/2024/03/062318,0
P001,CTRI/2024/04/062402,0
P001,CTRI/2024/05/062517,0
P001,CTRI/2024/06/062633,1
P001,CTRI/2024/07/062744,1
P001,CTRI/2024/08/062851,0
P001,CTRI/2024/09/062966,0
P001,CTRI/2024/10/063019,0
P001,CTRI/2024/11/063128,0
P001,CTRI/2024/12/063237,0
P001,CTRI/2025/01/063344,0
P001,CTRI/2025/02/063459,1
P001,CTRI/2025/03/063561,0
P001,CTRI/2025/04/063673,0
P001,CTRI/2025/05/063788,0
P001,CTRI/2025/06/063892,0
P001,CTRI/2025/07/063911,1
P001,CTRI/2025/08/064022,0
P002,CTRI/2024/01/062001,0
P002,CTRI/2024/02/062115,0
P002,CTRI/2024/03/062318,0
P002,CTRI/2024/04/062402,0
P002,CTRI/2024/05/062517,0
P002,CTRI/2024/06/062633,0
P002,CTRI/2024/07/062744,2
P002,CTRI/2024/08/062851,0
P002,CTRI/2024/09/062966,0
P002,CTRI/2024/10/063019,0
P002,CTRI/2024/11/063128,0
P002,CTRI/2024/12/063237,0
P002,CTRI/2025/01/063344,0
P002,CTRI/2025/02/063459,1
P002,CTRI/2025/03/063561,0
P002,CTRI/2025/04/063673,0
P002,CTRI/2025/05/063788,0
P002,CTRI/2025/06/063892,0
P002,CTRI/2025/07/063911,0
P002,CTRI/2025/08/064022,0
P003,CTRI/2024/01/062001,0
P003,CTRI/2024/02/062115,0
P003,CTRI/2024/03/062318,1
P003,CTRI/2024/04/062402,0
P003,CTRI/2024/05/062517,0
P003,CTRI/2024/06/062633,0
P003,CTRI/2024/07/062744,0
P003,CTRI/2024/08/062851,0
P003,CTRI/2024/09/062966,0
P003,CTRI/2024/10/063019,0
P003,CTRI/2024/11/063128,0
P003,CTRI/2024/12/063237,0
P003,CTRI/2025/01/063344,0
P003,CTRI/2025/02/063459,1
P003,CTRI/2025/03/063561,0
P003,CTRI/2025/04/063673,0
P003,CTRI/2025/05/063788,0
P003,CTRI/2025/06/063892,0
P003,CTRI/2025/07/063911,0
P003,CTRI/2025/08/064022,0
P004,CTRI/2024/01/062001,0
P004,CTRI/2024/02/062115,0
P004,CTRI/2024/03/062318,0
P004,CTRI/2024/04/062402,0
P004,CTRI/2024/05/062517,0
P004,CTRI/2024/06/062633,1
P004,CTRI/2024/07/062744,2
P004,CTRI/2024/08/062851,0
P004,CTRI/2024/09/062966,0
P004,CTRI/2024/10/063019,0
P004,CTRI/2024/11/063128,0
P004,CTRI/2024/12/063237,0
P004,CTRI/2025/01/063344,0
P004,CTRI/2025/02/063459,1
P004,CTRI/2025/03/063561,0
P004,CTRI/2025/04/063673,0
P004,CTRI/2025/05/063788,1
P004,CTRI/2025/06/063892,0
P004,CTRI/2025/07/063911,1
P004,CTRI/2025/08/064022,0
P005,CTRI/2024/01/062001,0
P005,CTRI/2024/02/062115,2
P005,CTRI/2024/03/062318,0
P005,CTRI/2024/04/062402,0
P005,CTRI/2024/05/062517,0
P005,CTRI/2024/06/062633,0
P005,CTRI/2024/07/062744,0
P005,CTRI/2024/08/062851,0
P005,CTRI/2024/09/062966,0
P005,CTRI/2024/10/063019,0
P005,CTRI/2024/11/063128,0
P005,CTRI/2024/12/063237,0
P005,CTRI/2025/01/063344,0
P005,CTRI/2025/02/063459,1
P005,CTRI/2025/03/063561,0
P005,CTRI/2025/04/063673,1
P005,CTRI/2025/05/063788,0
P005,CTRI/2025/06/063892,0
P005,CTRI/2025/07/063911,0
P005,CTRI/2025/08/064022,0
P006,CTRI/2024/01/062001,0
P006,CTRI/2024/02/062115,0
P006,CTRI/2024/03/062318,0
P006,CTRI/2024/04/062402,0
P006,CTRI/2024/05/062517,0
P006,CTRI/2024/06/062633,0
P006,CTRI/2024/07/062744,0
P006,CTRI/2024/08/062851,0
P006,CTRI/2024/09/062966,1
P006,CTRI/2024/10/063019,0
P006,CTRI/2024/11/063128,0
P006,CTRI/2024/12/063237,0
P006,CTRI/2025/01/063344,0
P006,CTRI/2025/02/063459,1
P006,CTRI/2025/03/063561,0
P006,CTRI/2025/04/063673,0
P006,CTRI/2025/05/063788,0
P006,CTRI/2025/06/063892,0
P006,CTRI/2025/07/063911,0
P006,CTRI/2025/08/064022,0
P007,CTRI/2024/01/062001,0
P007,CTRI/2024/02/062115,0
P007,CTRI/2024/03/062318,0
P007,CTRI/2024/04/062402,0
P007,CTRI/2024/05/062517,1
P007,CTRI/2024/06/062633,0
P007,CTRI/2024/07/062744,0
P007,CTRI/2024/08/062851,0
P007,CTRI/2024/09/062966,0
P007,CTRI/2024/10/063019,0
P007,CTRI/2024/11/063128,0
P007,CTRI/2024/12/063237,0
P007,CTRI/2025/01/063344,0
P007,CTRI/2025/02/063459,1
P007,CTRI/2025/03/063561,0
P007,CTRI/2025/04/063673,0
P007,CTRI/2025/05/063788,0
P007,CTRI/2025/06/063892,0
P007,CTRI/2025/07/063911,0
P007,CTRI/2025/08/064022,0
P008,CTRI/2024/01/062001,0
P008,CTRI/2024/02/062115,0
P008,CTRI/2024/03/062318,0
P008,CTRI/2024/04/062402,0
P008,CTRI/2024/05/062517,0
P008,CTRI/2024/06/062633,0
P008,CTRI/2024/07/062744,2
P008,CTRI/2024/08/062851,0
P008,CTRI/2024/09/062966,0
P008,CTRI/2024/10/063019,0
P008,CTRI/2024/11/063128,0
P008,CTRI/2024/12/063237,0
P008,CTRI/2025/01/063344,0
P008,CTRI/2025/02/063459,1
P008,CTRI/2025/03/063561,0
P008,CTRI/2025/04/063673,0
P008,CTRI/2025/05/063788,0
P008,CTRI/2025/06/063892,0
P008,CTRI/2025/07/063911,0
P008,CTRI/2025/08/064022,0
P009,CTRI/2024/01/062001,0
P009,CTRI/2024/02/062115,0
P009,CTRI/2024/03/062318,0
P009,CTRI/2024/04/062402,0
P009,CTRI/2024/05/062517,0
P009,CTRI/2024/06/062633,0
P009,CTRI/2024/07/062744,0
P009,CTRI/2024/08/062851,0
P009,CTRI/2024/09/062966,0
P009,CTRI/2024/10/063019,0
P009,CTRI/2024/11/063128,0
P009,CTRI/2024/12/063237,0
P009,CTRI/2025/01/063344,0
P009,CTRI/2025/02/063459,1
P009,CTRI/2025/03/063561,0
P009,CTRI/2025/04/063673,0
P009,CTRI/2025/05/063788,0
P009,CTRI/2025/06/063892,0
P009,CTRI/2025/07/063911,0
P009,CTRI/2025/08/064022,0
P010,CTRI/2024/01/062001,0
P010,CTRI/2024/02/062115,0
P010,CTRI/2024/03/062318,0
P010,CTRI/2024/04/062402,0
P010,CTRI/2024/05/062517,0
P010,CTRI/2024/06/062633,0
P010,CTRI/2024/07/062744,2
P010,CTRI/2024/08/062851,0
P010,CTRI/2024/09/062966,0
P010,CTRI/2024/10/063019,0
P010,CTRI/2024/11/063128,0
P010,CTRI/2024/12/063237,0
P010,CTRI/2025/01/063344,0
P010,CTRI/2025/02/063459,1
P010,CTRI/2025/03/063561,0
P010,CTRI/2025/04/063673,0
P010,CTRI/2025/05/063788,0
P010,CTRI/2025/06/063892,0
P010,CTRI/2025/07/063911,1
P010,CTRI/2025/08/064022,0
P011,CTRI/2024/01/062001,0
P011,CTRI/2024/02/062115,0
P011,CTRI/2024/03/062318,1
P011,CTRI/2024/04/062402,0
P011,CTRI/2024/05/062517,0
P011,CTRI/2024/06/062633,0
P011,CTRI/2024/07/062744,0
P011,CTRI/2024/08/062851,0
P011,CTRI/2024/09/062966,0
P011,CTRI/2024/10/063019,0
P011,CTRI/2024/11/063128,0
P011,CTRI/2024/12/063237,0
P011,CTRI/2025/01/063344,0
P011,CTRI/2025/02/063459,1
P011,CTRI/2025/03/063561,0
P011,CTRI/2025/04/063673,0
P011,CTRI/2025/05/063788,0
P011,CTRI/2025/06/063892,0
P011,CTRI/2025/07/063911,0
P011,CTRI/2025/08/064022,0
P012,CTRI/2024/01/062001,0
P012,CTRI/2024/02/062115,0
P012,CTRI/2024/03/062318,0
P012,CTRI/2024/04/062402,0
P012,CTRI/2024/05/062517,0
P012,CTRI/2024/06/062633,0
P012,CTRI/2024/07/062744,2
P012,CTRI/2024/08/062851,0
P012,CTRI/2024/09/062966,0
P012,CTRI/2024/10/063019,0
P012,CTRI/2024/11/063128,0
P012,CTRI/2024/12/063237,0
P012,CTRI/2025/01/063344,0
P012,CTRI/2025/02/063459,1
P012,CTRI/2025/03/063561,0
P012,CTRI/2025/04/063673,0
P012,CTRI/2025/05/063788,0
P012,CTRI/2025/06/063892,0
P012,CTRI/2025/07/063911,0
P012,CTRI/2025/08/064022,0
P013,CTRI/2024/01/062001,0
P013,CTRI/2024/02/062115,0
P013,CTRI/2024/03/062318,0
P013,CTRI/2024/04/062402,0
P013,CTRI/2024/05/062517,0
P013,CTRI/2024/06/062633,0
P013,CTRI/2024/07/062744,0
P013,CTRI/2024/08/062851,1
P013,CTRI/2024/09/062966,0
P013,CTRI/2024/10/063019,0
P013,CTRI/2024/11/063128,0
P013,CTRI/2024/12/063237,0
P013,CTRI/2025/01/063344,0
P013,CTRI/2025/02/063459,1
P013,CTRI/2025/03/063561,0
P013,CTRI/2025/04/063673,0
P013,CTRI/2025/05/063788,0
P013,CTRI/2025/06/063892,0
P013,CTRI/2025/07/063911,0
P013,CTRI/2025/08/064022,0
P014,CTRI/2024/01/062001,0
P014,CTRI/2024/02/062115,0
P014,CTRI/2024/03/062318,0
P014,CTRI/2024/04/062402,0
P014,CTRI/2024/05/062517,0
P014,CTRI/2024/06/062633,0
P014,CTRI/2024/07/062744,0
P014,CTRI/2024/08/062851,0
P014,CTRI/2024/09/062966,1
P014,CTRI/2024/10/063019,0
P014,CTRI/2024/11/063128,0
P014,CTRI/2024/12/063237,0
P014,CTRI/2025/01/063344,0
P014,CTRI/2025/02/063459,1
P014,CTRI/2025/03/063561,0
P014,CTRI/2025/04/063673,0
P014,CTRI/2025/05/063788,0
P014,CTRI/2025/06/063892,0
P014,CTRI/2025/07/063911,0
P014,CTRI/2025/08/064022,0
P015,CTRI/2024/01/062001,0
P015,CTRI/2024/02/062115,0
P015,CTRI/2024/03/062318,0
P015,CTRI/2024/04/062402,0
P015,CTRI/2024/05/062517,1
P015,CTRI/2024/06/062633,0
P015,CTRI/2024/07/062744,0
P015,CTRI/2024/08/062851,0
P015,CTRI/2024/09/062966,0
P015,CTRI/2024/10/063019,0
P015,CTRI/2024/11/063128,0
P015,CTRI/2024/12/063237,0
P015,CTRI/2025/01/063344,0
P015,CTRI/2025/02/063459,1
P015,CTRI/2025/03/063561,0
P015,CTRI/2025/04/063673,0
P015,CTRI/2025/05/063788,0
P015,CTRI/2025/06/063892,0
P015,CTRI/2025/07/063911,0
P015,CTRI/2025/08/064022,0
P016,CTRI/2024/01/062001,0
P016,CTRI/2024/02/062115,0
P016,CTRI/2024/03/062318,0
P016,CTRI/2024/04/062402,0
P016,CTRI/2024/05/062517,0
P016,CTRI/2024/06/062633,0
P016,CTRI/2024/07/062744,2
P016,CTRI/2024/08/062851,0
P016,CTRI/2024/09/062966,0
P016,CTRI/2024/10/063019,0
P016,CTRI/2024/11/063128,0
P016,CTRI/2024/12/063237,0
P016,CTRI/2025/01/063344,0
P016,CTRI/2025/02/063459,1
P016,CTRI/2025/03/063561,0
P016,CTRI/2025/04/063673,0
P016,CTRI/2025/05/063788,0
P016,CTRI/2025/06/063892,0
P016,CTRI/2025/07/063911,1
P016,CTRI/2025/08/064022,0
P017,CTRI/2024/01/062001,0
P017,CTRI/2024/02/062115,0
P017,CTRI/2024/03/062318,0
P017,CTRI/2024/04/062402,0
P017,CTRI/2024/05/062517,0
P017,CTRI/2024/06/062633,0
P017,CTRI/2024/07/062744,2
P017,CTRI/2024/08/062851,0
P017,CTRI/2024/09/062966,0
P017,CTRI/2024/10/063019,0
P017,CTRI/2024/11/063128,0
P017,CTRI/2024/12/063237,0
P017,CTRI/2025/01/063344,0
P017,CTRI/2025/02/063459,1
P017,CTRI/2025/03/063561,0
P017,CTRI/2025/04/063673,0
P017,CTRI/2025/05/063788,1
P017,CTRI/2025/06/063892,0
P017,CTRI/2025/07/063911,0
P017,CTRI/2025/08/064022,0
P018,CTRI/2024/01/062001,0
P018,CTRI/2024/02/062115,0
P018,CTRI/2024/03/062318,0
P018,CTRI/2024/04/062402,0
P018,CTRI/2024/05/062517,0
P018,CTRI/2024/06/062633,0
P018,CTRI/2024/07/062744,2
P018,CTRI/2024/08/062851,0
P018,CTRI/2024/09/062966,0
P018,CTRI/2024/10/063019,0
P018,CTRI/2024/11/063128,0
P018,CTRI/2024/12/063237,0
P018,CTRI/2025/01/063344,0
P018,CTRI/2025/02/063459,1
P018,CTRI/2025/03/063561,0
P018,CTRI/2025/04/063673,0
P018,CTRI/2025/05/063788,0
P018,CTRI/2025/06/063892,0
P018,CTRI/2025/07/063911,0
P018,CTRI/2025/08/064022,0
P019,CTRI/2024/01/062001,0
P019,CTRI/2024/02/062115,0
P019,CTRI/2024/03/062318,1
P019,CTRI/2024/04/062402,0
P019,CTRI/2024/05/062517,0
P019,CTRI/2024/06/062633,0
P019,CTRI/2024/07/062744,0
P019,CTRI/2024/08/062851,0
P019,CTRI/2024/09/062966,0
P019,CTRI/2024/10/063019,0
P019,CTRI/2024/11/063128,0
P019,CTRI/2024/12/063237,0
P019,CTRI/2025/01/063344,0
P019,CTRI/2025/02/063459,1
P019,CTRI/2025/03/063561,0
P019,CTRI/2025/04/063673,0
P019,CTRI/2025/05/063788,0
P019,CTRI/2025/06/063892,0
P019,CTRI/2025/07/063911,0
P019,CTRI/2025/08/064022,0
P020,CTRI/2024/01/062001,1
P020,CTRI/2024/02/062115,0
P020,CTRI/2024/03/062318,0
P020,CTRI/2024/04/062402,0
P020,CTRI/2024/05/062517,0
P020,CTRI/2024/06/062633,1
P020,CTRI/2024/07/062744,2
P020,CTRI/2024/08/062851,0
P020,CTRI/2024/09/062966,0
P020,CTRI/2024/10/063019,0
P020,CTRI/2024/11/063128,0
P020,CTRI/2024/12/063237,0
P020,CTRI/2025/01/063344,0
P020,CTRI/2025/02/063459,1
P020,CTRI/2025/03/063561,0
P020,CTRI/2025/04/063673,0
P020,CTRI/2025/05/063788,1
P020,CTRI/2025/06/063892,0
P020,CTRI/2025/07/063911,1
P020,CTRI/2025/08/064022,1
P021,CTRI/2024/01/062001,0
P021,CTRI/2024/02/062115,2
P021,CTRI/2024/03/062318,0
P021,CTRI/2024/04/062402,0
P021,CTRI/2024/05/062517,0
P021,CTRI/2024/06/062633,0
P021,CTRI/2024/07/062744,0
P021,CTRI/2024/08/062851,0
P021,CTRI/2024/09/062966,0
P021,CTRI/2024/10/063019,0
P021,CTRI/2024/11/063128,0
P021,CTRI/2024/12/063237,0
P021,CTRI/2025/01/063344,0
P021,CTRI/2025/02/063459,1
P021,CTRI/2025/03/063561,0
P021,CTRI/2025/04/063673,1
P021,CTRI/2025/05/063788,0
P021,CTRI/2025/06/063892,0
P021,CTRI/2025/07/063911,0
P021,CTRI/2025/08/064022,0
P022,CTRI/2024/01/062001,0
P022,CTRI/2024/02/062115,0
P022,CTRI/2024/03/062318,0
P022,CTRI/2024/04/062402,0
P022,CTRI/2024/05/062517,0
P022,CTRI/2024/06/062633,0
P022,CTRI/2024/07/062744,0
P022,CTRI/2024/08/062851,0
P022,CTRI/2024/09/062966,1
P022,CTRI/2024/10/063019,0
P022,CTRI/2024/11/063128,0
P022,CTRI/2024/12/063237,0
P022,CTRI/2025/01/063344,0
P022,CTRI/2025/02/063459,1
P022,CTRI/2025/03/063561,0
P022,CTRI/2025/04/063673,0
P022,CTRI/2025/05/063788,0
P022,CTRI/2025/06/063892,0
P022,CTRI/2025/07/063911,0
P022,CTRI/2025/08/064022,0
P023,CTRI/2024/01/062001,0
P023,CTRI/2024/02/062115,0
P023,CTRI/2024/03/062318,0
P023,CTRI/2024/04/062402,0
P023,CTRI/2024/05/062517,1
P023,CTRI/2024/06/062633,0
P023,CTRI/2024/07/062744,0
P023,CTRI/2024/08/062851,0
P023,CTRI/2024/09/062966,0
P023,CTRI/2024/10/063019,0
P023,CTRI/2024/11/063128,0
P023,CTRI/2024/12/063237,0
P023,CTRI/2025/01/063344,0
P023,CTRI/2025/02/063459,1
P023,CTRI/2025/03/063561,0
P023,CTRI/2025/04/063673,0
P023,CTRI/2025/05/063788,0
P023,CTRI/2025/06/063892,0
P023,CTRI/2025/07/063911,0
P023,CTRI/2025/08/064022,0
P024,CTRI/2024/01/062001,0
P024,CTRI/2024/02/062115,0
P024,CTRI/2024/03/062318,0
P024,CTRI/2024/04/062402,0
P024,CTRI/2024/05/062517,0
P024,CTRI/2024/06/062633,0
P024,CTRI/2024/07/062744,2
P024,CTRI/2024/08/062851,0
P024,CTRI/2024/09/062966,0
P024,CTRI/2024/10/063019,0
P024,CTRI/2024/11/063128,0
P024,CTRI/2024/12/063237,0
P024,CTRI/2025/01/063344,0
P024,CTRI/2025/02/063459,1
P024,CTRI/2025/03/063561,0
P024,CTRI/2025/04/063673,0
P024,CTRI/2025/05/063788,0
P024,CTRI/2025/06/063892,0
P024,CTRI/2025/07/063911,0
P024,CTRI/2025/08/064022,0
P025,CTRI/2024/01/062001,0
P025,CTRI/2024/02/062115,0
P025,CTRI/2024/03/062318,0
P025,CTRI/2024/04/062402,0
P025,CTRI/2024/05/062517,0
P025,CTRI/2024/06/062633,0
P025,CTRI/2024/07/062744,2
P025,CTRI/2024/08/062851,0
P025,CTRI/2024/09/062966,0
P025,CTRI/2024/10/063019,0
P025,CTRI/2024/11/063128,0
P025,CTRI/2024/12/063237,0
P025,CTRI/2025/01/063344,0
P025,CTRI/2025/02/063459,1
P025,CTRI/2025/03/063561,0
P025,CTRI/2025/04/063673,0
P025,CTRI/2025/05/063788,0
P025,CTRI/2025/06/063892,0
P025,CTRI/2025/07/063911,0
P025,CTRI/2025/08/064022,0
P026,CTRI/2024/01/062001,0
P026,CTRI/2024/02/062115,0
P026,CTRI/2024/03/062318,0
P026,CTRI/2024/04/062402,0
P026,CTRI/2024/05/062517,0
P026,CTRI/2024/06/062633,0
P026,CTRI/2024/07/062744,2
P026,CTRI/2024/08/062851,0
P026,CTRI/2024/09/062966,0
P026,CTRI/2024/10/063019,0
P026,CTRI/2024/11/063128,0
P026,CTRI/2024/12/063237,0
P026,CTRI/2025/01/063344,0
P026,CTRI/2025/02/063459,1
P026,CTRI/2025/03/063561,0
P026,CTRI/2025/04/063673,0
P026,CTRI/2025/05/063788,0
P026,CTRI/2025/06/063892,0
P026,CTRI/2025/07/063911,0
P026,CTRI/2025/08/064022,0
P027,CTRI/2024/01/062001,0
P027,CTRI/2024/02/062115,0
P027,CTRI/2024/03/062318,1
P027,CTRI/2024/04/062402,0
P027,CTRI/2024/05/062517,0
P027,CTRI/2024/06/062633,0
P027,CTRI/2024/07/062744,0
P027,CTRI/2024/08/062851,0
P027,CTRI/2024/09/062966,0
P027,CTRI/2024/10/063019,0
P027,CTRI/2024/11/063128,0
P027,CTRI/2024/12/063237,0
P027,CTRI/2025/01/063344,0
P027,CTRI/2025/02/063459,1
P027,CTRI/2025/03/063561,0
P027,CTRI/2025/04/063673,0
P027,CTRI/2025/05/063788,0
P027,CTRI/2025/06/063892,0
P027,CTRI/2025/07/063911,0
P027,CTRI/2025/08/064022,0
P028,CTRI/2024/01/062001,0
P028,CTRI/2024/02/062115,0
P028,CTRI/2024/03/062318,0
P028,CTRI/2024/04/062402,0
P028,CTRI/2024/05/062517,0
P028,CTRI/2024/06/062633,1
P028,CTRI/2024/07/062744,2
P028,CTRI/2024/08/062851,0
P028,CTRI/2024/09/062966,0
P028,CTRI/2024/10/063019,0
P028,CTRI/2024/11/063128,0
P028,CTRI/2024/12/063237,0
P028,CTRI/2025/01/063344,0
P028,CTRI/2025/02/063459,1
P028,CTRI/2025/03/063561,0
P028,CTRI/2025/04/063673,0
P028,CTRI/2025/05/063788,0
P028,CTRI/2025/06/063892,0
P028,CTRI/2025/07/063911,1
P028,CTRI/2025/08/064022,0
P029,CTRI/2024/01/062001,0
P029,CTRI/2024/02/062115,0
P029,CTRI/2024/03/062318,0
P029,CTRI/2024/04/062402,0
P029,CTRI/2024/05/062517,0
P029,CTRI/2024/06/062633,0
P029,CTRI/2024/07/062744,0
P029,CTRI/2024/08/062851,0
P029,CTRI/2024/09/062966,0
P029,CTRI/2024/10/063019,0
P029,CTRI/2024/11/063128,0
P029,CTRI/2024/12/063237,0
P029,CTRI/2025/01/063344,0
P029,CTRI/2025/02/063459,1
P029,CTRI/2025/03/063561,0
P029,CTRI/2025/04/063673,1
P029,CTRI/2025/05/063788,0
P029,CTRI/2025/06/063892,0
P029,CTRI/2025/07/063911,0
P029,CTRI/2025/08/064022,0
P030,CTRI/2024/01/062001,0
P030,CTRI/2024/02/062115,0
P030,CTRI/2024/03/062318,0
P030,CTRI/2024/04/062402,0
P030,CTRI/2024/05/062517,0
P030,CTRI/2024/06/062633,0
P030,CTRI/2024/07/062744,0
P030,CTRI/2024/08/062851,0
P030,CTRI/2024/09/062966,1
P030,CTRI/2024/10/063019,0
P030,CTRI/2024/11/063128,0
P030,CTRI/2024/12/063237,0
P030,CTRI/2025/01/063344,0
P030,CTRI/2025/02/063459,1
P030,CTRI/2025/03/063561,0
P030,CTRI/2025/04/063673,0
P030,CTRI/2025/05/063788,0
P030,CTRI/2025/06/063892,0
P030,CTRI/2025/07/063911,0
P030,CTRI/2025/08/064022,0
P031,CTRI/2024/01/062001,0
P031,CTRI/2024/02/062115,0
P031,CTRI/2024/03/062318,0
P031,CTRI/2024/04/062402,0
P031,CTRI/2024/05/062517,0
P031,CTRI/2024/06/062633,0
P031,CTRI/2024/07/062744,0
P031,CTRI/2024/08/062851,0
P031,CTRI/2024/09/062966,0
P031,CTRI/2024/10/063019,0
P031,CTRI/2024/11/063128,0
P031,CTRI/2024/12/063237,0
P031,CTRI/2025/01/063344,0
P031,CTRI/2025/02/063459,1
P031,CTRI/2025/03/063561,0
P031,CTRI/2025/04/063673,0
P031,CTRI/2025/05/063788,0
P031,CTRI/2025/06/063892,0
P031,CTRI/2025/07/063911,0
P031,CTRI/2025/08/064022,0
P032,CTRI/2024/01/062001,1
P032,CTRI/2024/02/062115,0
P032,CTRI/2024/03/062318,0
P032,CTRI/2024/04/062402,0
P032,CTRI/2024/05/062517,0
P032,CTRI/2024/06/062633,1
P032,CTRI/2024/07/062744,2
P032,CTRI/2024/08/062851,0
P032,CTRI/2024/09/062966,0
P032,CTRI/2024/10/063019,0
P032,CTRI/2024/11/063128,0
P032,CTRI/2024/12/063237,0
P032,CTRI/2025/01/063344,0
P032,CTRI/2025/02/063459,1
P032,CTRI/2025/03/063561,0
P032,CTRI/2025/04/063673,0
P032,CTRI/2025/05/063788,1
P032,CTRI/2025/06/063892,0
P032,CTRI/2025/07/063911,1
P032,CTRI/2025/08/064022,1
P033,CTRI/2024/01/062001,0
P033,CTRI/2024/02/062115,0
P033,CTRI/2024/03/062318,0
P033,CTRI/2024/04/062402,0
P033,CTRI/2024/05/062517,0
P033,CTRI/2024/06/062633,0
P033,CTRI/2024/07/062744,2
P033,CTRI/2024/08/062851,0
P033,CTRI/2024/09/062966,0
P033,CTRI/2024/10/063019,0
P033,CTRI/2024/11/063128,1
P033,CTRI/2024/12/063237,0
P033,CTRI/2025/01/063344,0
P033,CTRI/2025/02/063459,1
P033,CTRI/2025/03/063561,0
P033,CTRI/2025/04/063673,0
P033,CTRI/2025/05/063788,0
P033,CTRI/2025/06/063892,0
P033,CTRI/2025/07/063911,0
P033,CTRI/2025/08/064022,0
P034,CTRI/2024/01/062001,0
P034,CTRI/2024/02/062115,0
P034,CTRI/2024/03/062318,0
P034,CTRI/2024/04/062402,0
P034,CTRI/2024/05/062517,0
P034,CTRI/2024/06/062633,0
P034,CTRI/2024/07/062744,2
P034,CTRI/2024/08/062851,0
P034,CTRI/2024/09/062966,0
P034,CTRI/2024/10/063019,0
P034,CTRI/2024/11/063128,0
P034,CTRI/2024/12/063237,0
P034,CTRI/2025/01/063344,0
P034,CTRI/2025/02/063459,1
P034,CTRI/2025/03/063561,0
P034,CTRI/2025/04/063673,0
P034,CTRI/2025/05/063788,0
P034,CTRI/2025/06/063892,0
P034,CTRI/2025/07/063911,1
P034,CTRI/2025/08/064022,0
P035,CTRI/2024/01/062001,0
P035,CTRI/2024/02/062115,0
P035,CTRI/2024/03/062318,1
P035,CTRI/2024/04/062402,0
P035,CTRI/2024/05/062517,0
P035,CTRI/2024/06/062633,0
P035,CTRI/2024/07/062744,0
P035,CTRI/2024/08/062851,0
P035,CTRI/2024/09/062966,0
P035,CTRI/2024/10/063019,0
P035,CTRI/2024/11/063128,0
P035,CTRI/2024/12/063237,0
P035,CTRI/2025/01/063344,0
P035,CTRI/2025/02/063459,1
P035,CTRI/2025/03/063561,0
P035,CTRI/2025/04/063673,0
P035,CTRI/2025/05/063788,0
P035,CTRI/2025/06/063892,0
P035,CTRI/2025/07/063911,0
P035,CTRI/2025/08/064022,0
P036,CTRI/2024/01/062001,0
P036,CTRI/2024/02/062115,0
P036,CTRI/2024/03/062318,0
P036,CTRI/2024/04/062402,0
P036,CTRI/2024/05/062517,0
P036,CTRI/2024/06/062633,1
P036,CTRI/2024/07/062744,2
P036,CTRI/2024/08/062851,0
P036,CTRI/2024/09/062966,0
P036,CTRI/2024/10/063019,0
P036,CTRI/2024/11/063128,0
P036,CTRI/2024/12/063237,0
P036,CTRI/2025/01/063344,0
P036,CTRI/2025/02/063459,1
P036,CTRI/2025/03/063561,0
P036,CTRI/2025/04/063673,0
P036,CTRI/2025/05/063788,1
P036,CTRI/2025/06/063892,0
P036,CTRI/2025/07/063911,1
P036,CTRI/2025/08/064022,0
P037,CTRI/2024/01/062001,0
P037,CTRI/2024/02/062115,0
P037,CTRI/2024/03/062318,0
P037,CTRI/2024/04/062402,0
P037,CTRI/2024/05/062517,0
P037,CTRI/2024/06/062633,0
P037,CTRI/2024/07/062744,0
P037,CTRI/2024/08/062851,0
P037,CTRI/2024/09/062966,0
P037,CTRI/2024/10/063019,0
P037,CTRI/2024/11/063128,0
P037,CTRI/2024/12/063237,0
P037,CTRI/2025/01/063344,0
P037,CTRI/2025/02/063459,1
P037,CTRI/2025/03/063561,0
P037,CTRI/2025/04/063673,0
P037,CTRI/2025/05/063788,0
P037,CTRI/2025/06/063892,0
P037,CTRI/2025/07/063911,0
P037,CTRI/2025/08/064022,0
P038,CTRI/2024/01/062001,0
P038,CTRI/2024/02/062115,0
P038,CTRI/2024/03/062318,0
P038,CTRI/2024/04/062402,0
P038,CTRI/2024/05/062517,0
P038,CTRI/2024/06/062633,0
P038,CTRI/2024/07/062744,0
P038,CTRI/2024/08/062851,0
P038,CTRI/2024/09/062966,1
P038,CTRI/2024/10/063019,0
P038,CTRI/2024/11/063128,0
P038,CTRI/2024/12/063237,0
P038,CTRI/2025/01/063344,0
P038,CTRI/2025/02/063459,1
P038,CTRI/2025/03/063561,0
P038,CTRI/2025/04/063673,0
P038,CTRI/2025/05/063788,0
P038,CTRI/2025/06/063892,0
P038,CTRI/2025/07/063911,0
P038,CTRI/2025/08/064022,0
P039,CTRI/2024/01/062001,0
P039,CTRI/2024/02/062115,0
P039,CTRI/2024/03/062318,0
P039,CTRI/2024/04/062402,0
P039,CTRI/2024/05/062517,1
P039,CTRI/2024/06/062633,0
P039,CTRI/2024/07/062744,0
P039,CTRI/2024/08/062851,0
P039,CTRI/2024/09/062966,0
P039,CTRI/2024/10/063019,0
P039,CTRI/2024/11/063128,0
P039,CTRI/2024/12/063237,0
P039,CTRI/2025/01/063344,0
P039,CTRI/2025/02/063459,1
P039,CTRI/2025/03/063561,0
P039,CTRI/2025/04/063673,0
P039,CTRI/2025/05/063788,0
P039,CTRI/2025/06/063892,0
P039,CTRI/2025/07/063911,0
P039,CTRI/2025/08/064022,0
P040,CTRI/2024/01/062001,1
P040,CTRI/2024/02/062115,0
P040,CTRI/2024/03/062318,0
P040,CTRI/2024/04/062402,0
P040,CTRI/2024/05/062517,0
P040,CTRI/2024/06/062633,0
P040,CTRI/2024/07/062744,2
P040,CTRI/2024/08/062851,0
P040,CTRI/2024/09/062966,0
P040,CTRI/2024/10/063019,0
P040,CTRI/2024/11/063128,0
P040,CTRI/2024/12/063237,0
P040,CTRI/2025/01/063344,0
P040,CTRI/2025/02/063459,1
P040,CTRI/2025/03/063561,0
P040,CTRI/2025/04/063673,0
P040,CTRI/2025/05/063788,1
P040,CTRI/2025/06/063892,0
P040,CTRI/2025/07/063911,0
P040,CTRI/2025/08/064022,0
P041,CTRI/2024/01/062001,0
P041,CTRI/2024/02/062115,0
P041,CTRI/2024/03/062318,0
P041,CTRI/2024/04/062402,0
P041,CTRI/2024/05/062517,0
P041,CTRI/2024/06/062633,0
P041,CTRI/2024/07/062744,2
P041,CTRI/2024/08/062851,0
P041,CTRI/2024/09/062966,0
P041,CTRI/2024/10/063019,0
P041,CTRI/2024/11/063128,1
P041,CTRI/2024/12/063237,0
P041,CTRI/2025/01/063344,0
P041,CTRI/2025/02/063459,1
P041,CTRI/2025/03/063561,0
P041,CTRI/2025/04/063673,0
P041,CTRI/2025/05/063788,0
P041,CTRI/2025/06/063892,0
P041,CTRI/2025/07/063911,0
P041,CTRI/2025/08/064022,0
P042,CTRI/2024/01/062001,0
P042,CTRI/2024/02/062115,0
P042,CTRI/2024/03/062318,0
P042,CTRI/2024/04/062402,0
P042,CTRI/2024/05/062517,0
P042,CTRI/2024/06/062633,0
P042,CTRI/2024/07/062744,2
P042,CTRI/2024/08/062851,0
P042,CTRI/2024/09/062966,0
P042,CTRI/2024/10/063019,0
P042,CTRI/2024/11/063128,0
P042,CTRI/2024/12/063237,0
P042,CTRI/2025/01/063344,0
P042,CTRI/2025/02/063459,1
P042,CTRI/2025/03/063561,0
P042,CTRI/2025/04/063673,0
P042,CTRI/2025/05/063788,0
P042,CTRI/2025/06/063892,0
P042,CTRI/2025/07/063911,0
P042,CTRI/2025/08/064022,0
P043,CTRI/2024/01/062001,0
P043,CTRI/2024/02/062115,0
P043,CTRI/2024/03/062318,1
P043,CTRI/2024/04/062402,0
P043,CTRI/2024/05/062517,0
P043,CTRI/2024/06/062633,0
P043,CTRI/2024/07/062744,0
P043,CTRI/2024/08/062851,0
P043,CTRI/2024/09/062966,0
P043,CTRI/2024/10/063019,0
P043,CTRI/2024/11/063128,0
P043,CTRI/2024/12/063237,0
P043,CTRI/2025/01/063344,0
P043,CTRI/2025/02/063459,1
P043,CTRI/2025/03/063561,0
P043,CTRI/2025/04/063673,0
P043,CTRI/2025/05/063788,0
P043,CTRI/2025/06/063892,0
P043,CTRI/2025/07/063911,0
P043,CTRI/2025/08/064022,0
P044,CTRI/2024/01/062001,0
P044,CTRI/2024/02/062115,0
P044,CTRI/2024/03/062318,0
P044,CTRI/2024/04/062402,0
P044,CTRI/2024/05/062517,0
P044,CTRI/2024/06/062633,1
P044,CTRI/2024/07/062744,2
P044,CTRI/2024/08/062851,0
P044,CTRI/2024/09/062966,0
P044,CTRI/2024/10/063019,0
P044,CTRI/2024/11/063128,0
P044,CTRI/2024/12/063237,0
P044,CTRI/2025/01/063344,0
P044,CTRI/2025/02/063459,1
P044,CTRI/2025/03/063561,0
P044,CTRI/2025/04/063673,0
P044,CTRI/2025/05/063788,1
P044,CTRI/2025/06/063892,0
P044,CTRI/2025/07/063911,1
P044,CTRI/2025/08/064022,0
P045,CTRI/2024/01/062001,0
P045,CTRI/2024/02/062115,2
P045,CTRI/2024/03/062318,0
P045,CTRI/2024/04/062402,0
P045,CTRI/2024/05/062517,0
P045,CTRI/2024/06/062633,0
P045,CTRI/2024/07/062744,0
P045,CTRI/2024/08/062851,0
P045,CTRI/2024/09/062966,0
P045,CTRI/2024/10/063019,0
P045,CTRI/2024/11/063128,0
P045,CTRI/2024/12/063237,0
P045,CTRI/2025/01/063344,0
P045,CTRI/2025/02/063459,1
P045,CTRI/2025/03/063561,0
P045,CTRI/2025/04/063673,0
P045,CTRI/2025/05/063788,0
P045,CTRI/2025/06/063892,0
P045,CTRI/2025/07/063911,0
P045,CTRI/2025/08/064022,0
P046,CTRI/2024/01/062001,0
P046,CTRI/2024/02/062115,0
P046,CTRI/2024/03/062318,0
P046,CTRI/2024/04/062402,0
P046,CTRI/2024/05/062517,0
P046,CTRI/2024/06/062633,0
P046,CTRI/2024/07/062744,0
P046,CTRI/2024/08/062851,0
P046,CTRI/2024/09/062966,1
P046,CTRI/2024/10/063019,0
P046,CTRI/2024/11/063128,0
P046,CTRI/2024/12/063237,0
P046,CTRI/2025/01/063344,0
P046,CTRI/2025/02/063459,1
P046,CTRI/2025/03/063561,0
P046,CTRI/2025/04/063673,0
P046,CTRI/2025/05/063788,0
P046,CTRI/2025/06/063892,0
P046,CTRI/2025/07/063911,0
P046,CTRI/2025/08/064022,0
P047,CTRI/2024/01/062001,0
P047,CTRI/2024/02/062115,0
P047,CTRI/2024/03/062318,0
P047,CTRI/2024/04/062402,0
P047,CTRI/2024/05/062517,0
P047,CTRI/2024/06/062633,0
P047,CTRI/2024/07/062744,0
P047,CTRI/2024/08/062851,0
P047,CTRI/2024/09/062966,0
P047,CTRI/2024/10/063019,0
P047,CTRI/2024/11/063128,0
P047,CTRI/2024/12/063237,0
P047,CTRI/2025/01/063344,0
P047,CTRI/2025/02/063459,1
P047,CTRI/2025/03/063561,0
P047,CTRI/2025/04/063673,0
P047,CTRI/2025/05/063788,0
P047,CTRI/2025/06/063892,0
P047,CTRI/2025/07/063911,0
P047,CTRI/2025/08/064022,0
P048,CTRI/2024/01/062001,0
P048,CTRI/2024/02/062115,0
P048,CTRI/2024/03/062318,0
P048,CTRI/2024/04/062402,0
P048,CTRI/2024/05/062517,0
P048,CTRI/2024/06/062633,0
P048,CTRI/2024/07/062744,2
P048,CTRI/2024/08/062851,0
P048,CTRI/2024/09/062966,0
P048,CTRI/2024/10/063019,1
P048,CTRI/2024/11/063128,0
P048,CTRI/2024/12/063237,0
P048,CTRI/2025/01/063344,0
P048,CTRI/2025/02/063459,1
P048,CTRI/2025/03/063561,0
P048,CTRI/2025/04/063673,0
P048,CTRI/2025/05/063788,0
P048,CTRI/2025/06/063892,0
P048,CTRI/2025/07/063911,0
P048,CTRI/2025/08/064022,0
P049,CTRI/2024/01/062001,0
P049,CTRI/2024/02/062115,0
P049,CTRI/2024/03/062318,0
P049,CTRI/2024/04/062402,0
P049,CTRI/2024/05/062517,0
P049,CTRI/2024/06/062633,0
P049,CTRI/2024/07/062744,1
P049,CTRI/2024/08/062851,0
P049,CTRI/2024/09/062966,0
P049,CTRI/2024/10/063019,0
P049,CTRI/2024/11/063128,0
P049,CTRI/2024/12/063237,0
P049,CTRI/2025/01/063344,0
P049,CTRI/2025/02/063459,1
P049,CTRI/2025/03/063561,0
P049,CTRI/2025/04/063673,0
P049,CTRI/2025/05/063788,0
P049,CTRI/2025/06/063892,0
P049,CTRI/2025/07/063911,0
P049,CTRI/2025/08/064022,0
P050,CTRI/2024/01/062001,0
P050,CTRI/2024/02/062115,0
P050,CTRI/2024/03/062318,0
P050,CTRI/2024/04/062402,0
P050,CTRI/2024/05/062517,0
P050,CTRI/2024/06/062633,0
P050,CTRI/2024/07/062744,2
P050,CTRI/2024/08/062851,0
P050,CTRI/2024/09/062966,0
P050,CTRI/2024/10/063019,1
P050,CTRI/2024/11/063128,0
P050,CTRI/2024/12/063237,0
P050,CTRI/2025/01/063344,0
P050,CTRI/2025/02/063459,1
P050,CTRI/2025/03/063561,0
P050,CTRI/2025/04/063673,0
P050,CTRI/2025/05/063788,0
P050,CTRI/2025/06/063892,0
P050,CTRI/2025/07/063911,0
P050,CTRI/2025/08/064022,0
P051,CTRI/2024/01/062001,0
P051,CTRI/2024/02/062115,0
P051,CTRI/2024/03/062318,0
P051,CTRI/2024/04/062402,0
P051,CTRI/2024/05/062517,0
P051,CTRI/2024/06/062633,0
P051,CTRI/2024/07/062744,0
P051,CTRI/2024/08/062851,0
P051,CTRI/2024/09/062966,0
P051,CTRI/2024/10/063019,0
P051,CTRI/2024/11/063128,0
P051,CTRI/2024/12/063237,0
P051,CTRI/2025/01/063344,0
P051,CTRI/2025/02/063459,1
P051,CTRI/2025/03/063561,0
P051,CTRI/2025/04/063673,0
P051,CTRI/2025/05/063788,0
P051,CTRI/2025/06/063892,0
P051,CTRI/2025/07/063911,0
P051,CTRI/2025/08/064022,0
P052,CTRI/2024/01/062001,0
P052,CTRI/2024/02/062115,0
P052,CTRI/2024/03/062318,0
P052,CTRI/2024/04/062402,0
P052,CTRI/2024/05/062517,0
P052,CTRI/2024/06/062633,0
P052,CTRI/2024/07/062744,2
P052,CTRI/2024/08/062851,0
P052,CTRI/2024/09/062966,0
P052,CTRI/2024/10/063019,0
P052,CTRI/2024/11/063128,0
P052,CTRI/2024/12/063237,0
P052,CTRI/2025/01/063344,0
P052,CTRI/2025/02/063459,1
P052,CTRI/2025/03/063561,0
P052,CTRI/2025/04/063673,0
P052,CTRI/2025/05/063788,1
P052,CTRI/2025/06/063892,0
P052,CTRI/2025/07/063911,0
P052,CTRI/2025/08/064022,0
P053,CTRI/2024/01/062001,0
P053,CTRI/2024/02/062115,0
P053,CTRI/2024/03/062318,0
P053,CTRI/2024/04/062402,0
P053,CTRI/2024/05/062517,0
P053,CTRI/2024/06/062633,0
P053,CTRI/2024/07/062744,0
P053,CTRI/2024/08/062851,0
P053,CTRI/2024/09/062966,0
P053,CTRI/2024/10/063019,0
P053,CTRI/2024/11/063128,0
P053,CTRI/2024/12/063237,0
P053,CTRI/2025/01/063344,0
P053,CTRI/2025/02/063459,1
P053,CTRI/2025/03/063561,0
P053,CTRI/2025/04/063673,0
P053,CTRI/2025/05/063788,0
P053,CTRI/2025/06/063892,0
P053,CTRI/2025/07/063911,0
P053,CTRI/2025/08/064022,0
P054,CTRI/2024/01/062001,0
P054,CTRI/2024/02/062115,0
P054,CTRI/2024/03/062318,0
P054,CTRI/2024/04/062402,0
P054,CTRI/2024/05/062517,0
P054,CTRI/2024/06/062633,0
P054,CTRI/2024/07/062744,0
P054,CTRI/2024/08/062851,0
P054,CTRI/2024/09/062966,1
P054,CTRI/2024/10/063019,0
P054,CTRI/2024/11/063128,0
P054,CTRI/2024/12/063237,0
P054,CTRI/2025/01/063344,0
P054,CTRI/2025/02/063459,1
P054,CTRI/2025/03/063561,0
P054,CTRI/2025/04/063673,0
P054,CTRI/2025/05/063788,0
P054,CTRI/2025/06/063892,0
P054,CTRI/2025/07/063911,0
P054,CTRI/2025/08/064022,0
P055,CTRI/2024/01/062001,0
P055,CTRI/2024/02/062115,0
P055,CTRI/2024/03/062318,0
P055,CTRI/2024/04/062402,0
P055,CTRI/2024/05/062517,0
P055,CTRI/2024/06/062633,0
P055,CTRI/2024/07/062744,0
P055,CTRI/2024/08/062851,0
P055,CTRI/2024/09/062966,0
P055,CTRI/2024/10/063019,0
P055,CTRI/2024/11/063128,0
P055,CTRI/2024/12/063237,0
P055,CTRI/2025/01/063344,0
P055,CTRI/2025/02/063459,1
P055,CTRI/2025/03/063561,0
P055,CTRI/2025/04/063673,0
P055,CTRI/2025/05/063788,0
P055,CTRI/2025/06/063892,0
P055,CTRI/2025/07/063911,0
P055,CTRI/2025/08/064022,0
P056,CTRI/2024/01/062001,0
P056,CTRI/2024/02/062115,0
P056,CTRI/2024/03/062318,0
P056,CTRI/2024/04/062402,0
P056,CTRI/2024/05/062517,0
P056,CTRI/2024/06/062633,0
P056,CTRI/2024/07/062744,2
P056,CTRI/2024/08/062851,0
P056,CTRI/2024/09/062966,0
P056,CTRI/2024/10/063019,0
P056,CTRI/2024/11/063128,0
P056,CTRI/2024/12/063237,0
P056,CTRI/2025/01/063344,0
P056,CTRI/2025/02/063459,1
P056,CTRI/2025/03/063561,0
P056,CTRI/2025/04/063673,0
P056,CTRI/2025/05/063788,1
P056,CTRI/2025/06/063892,0
P056,CTRI/2025/07/063911,0
P056,CTRI/2025/08/064022,1
P057,CTRI/2024/01/062001,0
P057,CTRI/2024/02/062115,0
P057,CTRI/2024/03/062318,0
P057,CTRI/2024/04/062402,0
P057,CTRI/2024/05/062517,0
P057,CTRI/2024/06/062633,0
P057,CTRI/2024/07/062744,2
P057,CTRI/2024/08/062851,0
P057,CTRI/2024/09/062966,0
P057,CTRI/2024/10/063019,0
P057,CTRI/2024/11/063128,0
P057,CTRI/2024/12/063237,0
P057,CTRI/2025/01/063344,0
P057,CTRI/2025/02/063459,1
P057,CTRI/2025/03/063561,0
P057,CTRI/2025/04/063673,0
P057,CTRI/2025/05/063788,0
P057,CTRI/2025/06/063892,0
P057,CTRI/2025/07/063911,0
P057,CTRI/2025/08/064022,0
P058,CTRI/2024/01/062001,0
P058,CTRI/2024/02/062115,0
P058,CTRI/2024/03/062318,0
P058,CTRI/2024/04/062402,0
P058,CTRI/2024/05/062517,0
P058,CTRI/2024/06/062633,0
P058,CTRI/2024/07/062744,2
P058,CTRI/2024/08/062851,0
P058,CTRI/2024/09/062966,0
P058,CTRI/2024/10/063019,0
P058,CTRI/2024/11/063128,0
P058,CTRI/2024/12/063237,0
P058,CTRI/2025/01/063344,0
P058,CTRI/2025/02/063459,1
P058,CTRI/2025/03/063561,0
P058,CTRI/2025/04/063673,0
P058,CTRI/2025/05/063788,0
P058,CTRI/2025/06/063892,0
P058,CTRI/2025/07/063911,0
P058,CTRI/2025/08/064022,0
P059,CTRI/2024/01/062001,0
P059,CTRI/2024/02/062115,0
P059,CTRI/2024/03/062318,1
P059,CTRI/2024/04/062402,0
P059,CTRI/2024/05/062517,0
P059,CTRI/2024/06/062633,0
P059,CTRI/2024/07/062744,0
P059,CTRI/2024/08/062851,0
P059,CTRI/2024/09/062966,0
P059,CTRI/2024/10/063019,0
P059,CTRI/2024/11/063128,0
P059,CTRI/2024/12/063237,0
P059,CTRI/2025/01/063344,0
P059,CTRI/2025/02/063459,1
P059,CTRI/2025/03/063561,0
P059,CTRI/2025/04/063673,0
P059,CTRI/2025/05/063788,0
P059,CTRI/2025/06/063892,0
P059,CTRI/2025/07/063911,0
P059,CTRI/2025/08/064022,0
P060,CTRI/2024/01/062001,0
P060,CTRI/2024/02/062115,0
P060,CTRI/2024/03/062318,0
P060,CTRI/2024/04/062402,0
P060,CTRI/2024/05/062517,0
P060,CTRI/2024/06/062633,0
P060,CTRI/2024/07/062744,2
P060,CTRI/2024/08/062851,0
P060,CTRI/2024/09/062966,0
P060,CTRI/2024/10/063019,0
P060,CTRI/2024/11/063128,0
P060,CTRI/2024/12/063237,0
P060,CTRI/2025/01/063344,0
P060,CTRI/2025/02/063459,1
P060,CTRI/2025/03/063561,0
P060,CTRI/2025/04/063673,0
P060,CTRI/2025/05/063788,0
P060,CTRI/2025/06/063892,0
P060,CTRI/2025/07/063911,0
P060,CTRI/2025/08/064022,0
P061,CTRI/2024/01/062001,0
P061,CTRI/2024/02/062115,2
P061,CTRI/2024/03/062318,0
P061,CTRI/2024/04/062402,0
P061,CTRI/2024/05/062517,0
P061,CTRI/2024/06/062633,0
P061,CTRI/2024/07/062744,0
P061,CTRI/2024/08/062851,0
P061,CTRI/2024/09/062966,0
P061,CTRI/2024/10/063019,0
P061,CTRI/2024/11/063128,0
P061,CTRI/2024/12/063237,0
P061,CTRI/2025/01/063344,0
P061,CTRI/2025/02/063459,1
P061,CTRI/2025/03/063561,0
P061,CTRI/2025/04/063673,0
P061,CTRI/2025/05/063788,0
P061,CTRI/2025/06/063892,0
P061,CTRI/2025/07/063911,0
P061,CTRI/2025/08/064022,0
P062,CTRI/2024/01/062001,0
P062,CTRI/2024/02/062115,0
P062,CTRI/2024/03/062318,0
P062,CTRI/2024/04/062402,0
P062,CTRI/2024/05/062517,0
P062,CTRI/2024/06/062633,0
P062,CTRI/2024/07/062744,0
P062,CTRI/2024/08/062851,0
P062,CTRI/2024/09/062966,1
P062,CTRI/2024/10/063019,0
P062,CTRI/2024/11/063128,0
P062,CTRI/2024/12/063237,0
P062,CTRI/2025/01/063344,0
P062,CTRI/2025/02/063459,1
P062,CTRI/2025/03/063561,0
P062,CTRI/2025/04/063673,0
P062,CTRI/2025/05/063788,0
P062,CTRI/2025/06/063892,0
P062,CTRI/2025/07/063911,0
P062,CTRI/2025/08/064022,0
P063,CTRI/2024/01/062001,0
P063,CTRI/2024/02/062115,0
P063,CTRI/2024/03/062318,0
P063,CTRI/2024/04/062402,0
P063,CTRI/2024/05/062517,1
P063,CTRI/2024/06/062633,0
P063,CTRI/2024/07/062744,0
P063,CTRI/2024/08/062851,0
P063,CTRI/2024/09/062966,0
P063,CTRI/2024/10/063019,0
P063,CTRI/2024/11/063128,0
P063,CTRI/2024/12/063237,0
P063,CTRI/2025/01/063344,0
P063,CTRI/2025/02/063459,1
P063,CTRI/2025/03/063561,0
P063,CTRI/2025/04/063673,0
P063,CTRI/2025/05/063788,0
P063,CTRI/2025/06/063892,0
P063,CTRI/2025/07/063911,0
P063,CTRI/2025/08/064022,0
P064,CTRI/2024/01/062001,0
P064,CTRI/2024/02/062115,1
P064,CTRI/2024/03/062318,0
P064,CTRI/2024/04/062402,0
P064,CTRI/2024/05/062517,0
P064,CTRI/2024/06/062633,0
P064,CTRI/2024/07/062744,2
P064,CTRI/2024/08/062851,0
P064,CTRI/2024/09/062966,0
P064,CTRI/2024/10/063019,0
P064,CTRI/2024/11/063128,0
P064,CTRI/2024/12/063237,0
P064,CTRI/2025/01/063344,0
P064,CTRI/2025/02/063459,1
P064,CTRI/2025/03/063561,0
P064,CTRI/2025/04/063673,0
P064,CTRI/2025/05/063788,1
P064,CTRI/2025/06/063892,0
P064,CTRI/2025/07/063911,0
P064,CTRI/2025/08/064022,1
P065,CTRI/2024/01/062001,0
P065,CTRI/2024/02/062115,0
P065,CTRI/2024/03/062318,0
P065,CTRI/2024/04/062402,0
P065,CTRI/2024/05/062517,0
P065,CTRI/2024/06/062633,0
P065,CTRI/2024/07/062744,2
P065,CTRI/2024/08/062851,0
P065,CTRI/2024/09/062966,0
P065,CTRI/2024/10/063019,0
P065,CTRI/2024/11/063128,0
P065,CTRI/2024/12/063237,0
P065,CTRI/2025/01/063344,0
P065,CTRI/2025/02/063459,1
P065,CTRI/2025/03/063561,0
P065,CTRI/2025/04/063673,0
P065,CTRI/2025/05/063788,1
P065,CTRI/2025/06/063892,0
P065,CTRI/2025/07/063911,0
P065,CTRI/2025/08/064022,2
P066,CTRI/2024/01/062001,0
P066,CTRI/2024/02/062115,0
P066,CTRI/2024/03/062318,0
P066,CTRI/2024/04/062402,0
P066,CTRI/2024/05/062517,0
P066,CTRI/2024/06/062633,1
P066,CTRI/2024/07/062744,2
P066,CTRI/2024/08/062851,0
P066,CTRI/2024/09/062966,0
P066,CTRI/2024/10/063019,0
P066,CTRI/2024/11/063128,0
P066,CTRI/2024/12/063237,0
P066,CTRI/2025/01/063344,0
P066,CTRI/2025/02/063459,1
P066,CTRI/2025/03/063561,0
P066,CTRI/2025/04/063673,0
P066,CTRI/2025/05/063788,1
P066,CTRI/2025/06/063892,0
P066,CTRI/2025/07/063911,1
P066,CTRI/2025/08/064022,0
P067,CTRI/2024/01/062001,0
P067,CTRI/2024/02/062115,0
P067,CTRI/2024/03/062318,0
P067,CTRI/2024/04/062402,0
P067,CTRI/2024/05/062517,0
P067,CTRI/2024/06/062633,0
P067,CTRI/2024/07/062744,0
P067,CTRI/2024/08/062851,0
P067,CTRI/2024/09/062966,0
P067,CTRI/2024/10/063019,0
P067,CTRI/2024/11/063128,0
P067,CTRI/2024/12/063237,0
P067,CTRI/2025/01/063344,0
P067,CTRI/2025/02/063459,1
P067,CTRI/2025/03/063561,0
P067,CTRI/2025/04/063673,0
P067,CTRI/2025/05/063788,0
P067,CTRI/2025/06/063892,0
P067,CTRI/2025/07/063911,0
P067,CTRI/2025/08/064022,0
P068,CTRI/2024/01/062001,0
P068,CTRI/2024/02/062115,0
P068,CTRI/2024/03/062318,0
P068,CTRI/2024/04/062402,0
P068,CTRI/2024/05/062517,0
P068,CTRI/2024/06/062633,0
P068,CTRI/2024/07/062744,2
P068,CTRI/2024/08/062851,0
P068,CTRI/2024/09/062966,0
P068,CTRI/2024/10/063019,0
P068,CTRI/2024/11/063128,1
P068,CTRI/2024/12/063237,0
P068,CTRI/2025/01/063344,0
P068,CTRI/2025/02/063459,1
P068,CTRI/2025/03/063561,0
P068,CTRI/2025/04/063673,0
P068,CTRI/2025/05/063788,0
P068,CTRI/2025/06/063892,0
P068,CTRI/2025/07/063911,0
P068,CTRI/2025/08/064022,0
P069,CTRI/2024/01/062001,0
P069,CTRI/2024/02/062115,0
P069,CTRI/2024/03/062318,0
P069,CTRI/2024/04/062402,0
P069,CTRI/2024/05/062517,0
P069,CTRI/2024/06/062633,0
P069,CTRI/2024/07/062744,0
P069,CTRI/2024/08/062851,0
P069,CTRI/2024/09/062966,0
P069,CTRI/2024/10/063019,0
P069,CTRI/2024/11/063128,0
P069,CTRI/2024/12/063237,0
P069,CTRI/2025/01/063344,0
P069,CTRI/2025/02/063459,1
P069,CTRI/2025/03/063561,0
P069,CTRI/2025/04/063673,0
P069,CTRI/2025/05/063788,0
P069,CTRI/2025/06/063892,0
P069,CTRI/2025/07/063911,0
P069,CTRI/2025/08/064022,0
P070,CTRI/2024/01/062001,0
P070,CTRI/2024/02/062115,0
P070,CTRI/2024/03/062318,0
P070,CTRI/2024/04/062402,0
P070,CTRI/2024/05/062517,0
P070,CTRI/2024/06/062633,0
P070,CTRI/2024/07/062744,0
P070,CTRI/2024/08/062851,0
P070,CTRI/2024/09/062966,1
P070,CTRI/2024/10/063019,0
P070,CTRI/2024/11/063128,0
P070,CTRI/2024/12/063237,0
P070,CTRI/2025/01/063344,0
P070,CTRI/2025/02/063459,1
P070,CTRI/2025/03/063561,0
P070,CTRI/2025/04/063673,0
P070,CTRI/2025/05/063788,0
P070,CTRI/2025/06/063892,0
P070,CTRI/2025/07/063911,0
P070,CTRI/2025/08/064022,0
P071,CTRI/2024/01/062001,0
P071,CTRI/2024/02/062115,0
P071,CTRI/2024/03/062318,0
P071,CTRI/2024/04/062402,0
P071,CTRI/2024/05/062517,0
P071,CTRI/2024/06/062633,0
P071,CTRI/2024/07/062744,0
P071,CTRI/2024/08/062851,0
P071,CTRI/2024/09/062966,0
P071,CTRI/2024/10/063019,0
P071,CTRI/2024/11/063128,0
P071,CTRI/2024/12/063237,0
P071,CTRI/2025/01/063344,0
P071,CTRI/2025/02/063459,1
P071,CTRI/2025/03/063561,0
P071,CTRI/2025/04/063673,0
P071,CTRI/2025/05/063788,0
P071,CTRI/2025/06/063892,0
P071,CTRI/2025/07/063911,0
P071,CTRI/2025/08/064022,0
P072,CTRI/2024/01/062001,0
P072,CTRI/2024/02/062115,0
P072,CTRI/2024/03/062318,0
P072,CTRI/2024/04/062402,0
P072,CTRI/2024/05/062517,0
P072,CTRI/2024/06/062633,0
P072,CTRI/2024/07/062744,2
P072,CTRI/2024/08/062851,0
P072,CTRI/2024/09/062966,0
P072,CTRI/2024/10/063019,0
P072,CTRI/2024/11/063128,0
P072,CTRI/2024/12/063237,0
P072,CTRI/2025/01/063344,0
P072,CTRI/2025/02/063459,1
P072,CTRI/2025/03/063561,0
P072,CTRI/2025/04/063673,0
P072,CTRI/2025/05/063788,0
P072,CTRI/2025/06/063892,0
P072,CTRI/2025/07/063911,0
P072,CTRI/2025/08/064022,0
P073,CTRI/2024/01/062001,0
P073,CTRI/2024/02/062115,1
P073,CTRI/2024/03/062318,0
P073,CTRI/2024/04/062402,0
P073,CTRI/2024/05/062517,0
P073,CTRI/2024/06/062633,0
P073,CTRI/2024/07/062744,2
P073,CTRI/2024/08/062851,0
P073,CTRI/2024/09/062966,0
P073,CTRI/2024/10/063019,0
P073,CTRI/2024/11/063128,0
P073,CTRI/2024/12/063237,0
P073,CTRI/2025/01/063344,0
P073,CTRI/2025/02/063459,1
P073,CTRI/2025/03/063561,0
P073,CTRI/2025/04/063673,0
P073,CTRI/2025/05/063788,1
P073,CTRI/2025/06/063892,0
P073,CTRI/2025/07/063911,0
P073,CTRI/2025/08/064022,0
P074,CTRI/2024/01/062001,0
P074,CTRI/2024/02/062115,0
P074,CTRI/2024/03/062318,0
P074,CTRI/2024/04/062402,0
P074,CTRI/2024/05/062517,0
P074,CTRI/2024/06/062633,0
P074,CTRI/2024/07/062744,2
P074,CTRI/2024/08/062851,0
P074,CTRI/2024/09/062966,0
P074,CTRI/2024/10/063019,0
P074,CTRI/2024/11/063128,0
P074,CTRI/2024/12/063237,0
P074,CTRI/2025/01/063344,0
P074,CTRI/2025/02/063459,1
P074,CTRI/2025/03/063561,0
P074,CTRI/2025/04/063673,0
P074,CTRI/2025/05/063788,0
P074,CTRI/2025/06/063892,0
P074,CTRI/2025/07/063911,0
P074,CTRI/2025/08/064022,0
P075,CTRI/2024/01/062001,0
P075,CTRI/2024/02/062115,0
P075,CTRI/2024/03/062318,1
P075,CTRI/2024/04/062402,0
P075,CTRI/2024/05/062517,0
P075,CTRI/2024/06/062633,0
P075,CTRI/2024/07/062744,0
P075,CTRI/2024/08/062851,0
P075,CTRI/2024/09/062966,0
P075,CTRI/2024/10/063019,0
P075,CTRI/2024/11/063128,0
P075,CTRI/2024/12/063237,0
P075,CTRI/2025/01/063344,0
P075,CTRI/2025/02/063459,1
P075,CTRI/2025/03/063561,0
P075,CTRI/2025/04/063673,0
P075,CTRI/2025/05/063788,0
P075,CTRI/2025/06/063892,0
P075,CTRI/2025/07/063911,0
P075,CTRI/2025/08/064022,0
P076,CTRI/2024/01/062001,0
P076,CTRI/2024/02/062115,0
P076,CTRI/2024/03/062318,0
P076,CTRI/2024/04/062402,0
P076,CTRI/2024/05/062517,0
P076,CTRI/2024/06/062633,0
P076,CTRI/2024/07/062744,2
P076,CTRI/2024/08/062851,0
P076,CTRI/2024/09/062966,0
P076,CTRI/2024/10/063019,0
P076,CTRI/2024/11/063128,0
P076,CTRI/2024/12/063237,0
P076,CTRI/2025/01/063344,0
P076,CTRI/2025/02/063459,1
P076,CTRI/2025/03/063561,0
P076,CTRI/2025/04/063673,0
P076,CTRI/2025/05/063788,0
P076,CTRI/2025/06/063892,0
P076,CTRI/2025/07/063911,0
P076,CTRI/2025/08/064022,0
P077,CTRI/2024/01/062001,0
P077,CTRI/2024/02/062115,0
P077,CTRI/2024/03/062318,0
P077,CTRI/2024/04/062402,0
P077,CTRI/2024/05/062517,0
P077,CTRI/2024/06/062633,0
P077,CTRI/2024/07/062744,0
P077,CTRI/2024/08/062851,0
P077,CTRI/2024/09/062966,0
P077,CTRI/2024/10/063019,0
P077,CTRI/2024/11/063128,0
P077,CTRI/2024/12/063237,0
P077,CTRI/2025/01/063344,0
P077,CTRI/2025/02/063459,1
P077,CTRI/2025/03/063561,0
P077,CTRI/2025/04/063673,0
P077,CTRI/2025/05/063788,0
P077,CTRI/2025/06/063892,0
P077,CTRI/2025/07/063911,0
P077,CTRI/2025/08/064022,0
P078,CTRI/2024/01/062001,0
P078,CTRI/2024/02/062115,0
P078,CTRI/2024/03/062318,0
P078,CTRI/2024/04/062402,0
P078,CTRI/2024/05/062517,0
P078,CTRI/2024/06/062633,0
P078,CTRI/2024/07/062744,0
P078,CTRI/2024/08/062851,0
P078,CTRI/2024/09/062966,1
P078,CTRI/2024/10/063019,0
P078,CTRI/2024/11/063128,0
P078,CTRI/2024/12/063237,0
P078,CTRI/2025/01/063344,0
P078,CTRI/2025/02/063459,1
P078,CTRI/2025/03/063561,0
P078,CTRI/2025/04/063673,0
P078,CTRI/2025/05/063788,0
P078,CTRI/2025/06/063892,0
P078,CTRI/2025/07/063911,0
P078,CTRI/2025/08/064022,0
P079,CTRI/2024/01/062001,0
P079,CTRI/2024/02/062115,0
P079,CTRI/2024/03/062318,0
P079,CTRI/2024/04/062402,0
P079,CTRI/2024/05/062517,1
P079,CTRI/2024/06/062633,0
P079,CTRI/2024/07/062744,0
P079,CTRI/2024/08/062851,0
P079,CTRI/2024/09/062966,0
P079,CTRI/2024/10/063019,0
P079,CTRI/2024/11/063128,0
P079,CTRI/2024/12/063237,0
P079,CTRI/2025/01/063344,0
P079,CTRI/2025/02/063459,1
P079,CTRI/2025/03/063561,0
P079,CTRI/2025/04/063673,0
P079,CTRI/2025/05/063788,0
P079,CTRI/2025/06/063892,0
P079,CTRI/2025/07/063911,0
P079,CTRI/2025/08/064022,0
P080,CTRI/2024/01/062001,0
P080,CTRI/2024/02/062115,0
P080,CTRI/2024/03/062318,0
P080,CTRI/2024/04/062402,0
P080,CTRI/2024/05/062517,0
P080,CTRI/2024/06/062633,0
P080,CTRI/2024/07/062744,2
P080,CTRI/2024/08/062851,0
P080,CTRI/2024/09/062966,0
P080,CTRI/2024/10/063019,0
P080,CTRI/2024/11/063128,0
P080,CTRI/2024/12/063237,0
P080,CTRI/2025/01/063344,0
P080,CTRI/2025/02/063459,1
P080,CTRI/2025/03/063561,0
P080,CTRI/2025/04/063673,0
P080,CTRI/2025/05/063788,1
P080,CTRI/2025/06/063892,0
P080,CTRI/2025/07/063911,0
P080,CTRI/2025/08/064022,0
