patient_id,name,age,gender,state,city,height_cm,weight_kg,bmi,condition,disease_duration_months,disease_severity,symptoms,previous_diagnosis,hba1c,fasting_glucose,systolic_bp,diastolic_bp,egfr,hemoglobin,alt,current_medications,previous_treatments,comorbidities,pregnancy_status,smoking_status,alcohol_use,treatment_failure,drug_allergies,prior_trial_participation
P001,Lakshmi Kulkarni,52,Female,Tamil Nadu,Chennai,174,78.2,25.8,Type 2 Diabetes,36,Severe,Increased thirst; Slow healing wounds; Fatigue,Type 2 Diabetes Mellitus,7.0,240,146,77,34.6,,,Metformin (6 mo); Glimepiride (3 mo),,Diabetes: Yes; Hypertension: Yes; Kidney disease: Yes,Not Pregnant,Never,Occasional,No,,No
P002,Imran Das,71,Male,Rajasthan,Udaipur,169,56.6,19.8,Type 2 Diabetes,60,Mild,Numbness in feet; Frequent urination,Type 2 Diabetes Mellitus,7.6,103,168,99,98.0,,,Glimepiride (3 mo); Telmisartan (6 mo),Sulfonylurea,Diabetes: Yes; Hypertension: Yes,,Current,Occasional,Unknown,Penicillin,No
P003,Shreya Chatterjee,42,Female,Kerala,Kochi,154,60.6,25.6,Hypertension,14,Moderate,Headache; Dizziness,,9.0,,148,102,90.9,10.1,,Amlodipine (6 mo),,Hypertension: Yes; Diabetes: Yes,,,,Unknown,,No
P004,Sanjay Pillai,58,Male,Uttar Pradesh,Kanpur,156,53.4,21.9,Type 2 Diabetes,24,Severe,Frequent urination; Increased thirst,Type 2 Diabetes Mellitus,8.3,202,154,102,,,25.2,Metformin (12 mo),,Diabetes: Yes; Hypertension: Yes; Cardiovascular disease: Yes,,Never,Never,Unknown,,No
P005,Amit Sharma,45,Male,Karnataka,Mysuru,179,57.2,17.9,COPD,,,,,,,,,115.3,,,Salbutamol inhaler (12 mo),,COPD: Yes,,Current,,Yes,,Unknown
P006,Sneha Chatterjee,31,Female,West Bengal,Siliguri,174,51.4,17.0,Rheumatoid Arthritis,9,,Joint pain; Morning stiffness; Joint swelling,,,,,,112.9,,57.1,Methotrexate (14 mo),,Autoimmune disease: Yes,,,,Unknown,,No
P007,Sanjay Kulkarni,38,Male,Gujarat,Ahmedabad,180,79.9,24.7,,,,,,5.0,,111,78,100.1,11.2,,,,,,Former,Occasional,No,Sulfa drugs,No
P008,Priya Iyer,66,Female,West Bengal,Howrah,170,79.5,27.5,Type 2 Diabetes,4,Moderate,Fatigue; Increased thirst; Frequent urination,Type 2 Diabetes Mellitus,7.2,231,166,99,68.3,13.1,,Metformin (6 mo),Sulfonylurea,Diabetes: Yes; Hypertension: Yes,Not Pregnant,Never,Occasional,Yes,Penicillin,Unknown
P009,Rajesh Mehta,66,Male,Delhi,New Delhi,150,91.2,40.5,Type 2 Diabetes,10,Severe,Fatigue,Type 2 Diabetes Mellitus,9.6,179,124,100,26.2,12.3,,Metformin (6 mo),Sulfonylurea,Diabetes: Yes; Kidney disease: Yes,,Never,Never,Unknown,,Unknown
P010,Nandini Pillai,47,Female,West Bengal,Kolkata,174,66.6,22.0,Type 2 Diabetes,120,Moderate,Fatigue,Type 2 Diabetes Mellitus,6.7,198,139,75,61.2,15.0,92.1,Metformin (6 mo),,Diabetes: Yes; Hypertension: Yes; Cardiovascular disease: Yes,Pregnant,Former,Never,No,,Unknown
P011,Devanand Iyer,56,Male,Odisha,Cuttack,164,103.1,38.3,Hypertension,14,Severe,Headache; Dizziness,,,,150,97,70.0,,,Amlodipine (24 mo),,Hypertension: Yes,,,,Unknown,Penicillin,No
P012,Joseph Khan,72,Male,Punjab,Amritsar,171,55.0,18.8,Type 2 Diabetes,60,Moderate,Numbness in feet; Slow healing wounds,Type 2 Diabetes Mellitus,8.0,156,134,78,68.5,,,Metformin (12 mo),,Diabetes: Yes; Cardiovascular disease: Yes,,Current,Regular,Unknown,,No
P013,Priya Banerjee,24,Female,Karnataka,Hubballi,160,93.2,36.4,Asthma,,,,,,,,,,,,Salbutamol inhaler (12 mo),,COPD: Yes,,Former,,Unknown,Sulfa drugs,No
P014,Sanjay Iyer,54,Male,Tamil Nadu,Madurai,172,98.0,33.1,Rheumatoid Arthritis,9,,Joint pain; Morning stiffness; Joint swelling,,,,,,,,,Methotrexate (4 mo),,Autoimmune disease: Yes,,,,Unknown,,No
P015,Shreya Singh,38,Female,Rajasthan,Udaipur,182,81.3,24.5,,,,,,5.5,,126,75,,,37.0,,,,,Former,Occasional,No,Sulfa drugs,No
P016,Lakshmi Chatterjee,41,Female,Uttar Pradesh,Lucknow,173,61.1,20.4,Type 2 Diabetes,24,Mild,Blurred vision; Slow healing wounds; Increased thirst,Type 2 Diabetes Mellitus,6.6,154,126,80,,,,Metformin (12 mo),,Diabetes: Yes; Hypertension: Yes,Not Pregnant,Current,Regular,Unknown,Sulfa drugs,Unknown
P017,Nandini Joshi,63,Female,Uttar Pradesh,Lucknow,162,85.5,32.6,Type 2 Diabetes,120,Moderate,Fatigue; Blurred vision,Type 2 Diabetes Mellitus,10.8,237,147,99,76.4,,91.3,Metformin (24 mo); Glimepiride (12 mo),Sulfonylurea,Diabetes: Yes,Not Pregnant,Current,Never,Unknown,,No
P018,Aarav Nair,72,Male,Karnataka,Bengaluru,177,82.8,26.4,Type 2 Diabetes,10,Severe,Numbness in feet; Blurred vision,Type 2 Diabetes Mellitus,6.4,233,143,81,,,71.7,Metformin (24 mo),,Diabetes: Yes; Hypertension: Yes; Cardiovascular disease: Yes; Cancer: Yes,,Never,Never,No,,No
P019,Devanand Chatterjee,42,Male,Kerala,Kochi,171,51.9,17.7,Hypertension,60,Severe,Headache; Dizziness,,,,152,107,64.9,9.7,,Amlodipine (24 mo),,Hypertension: Yes,,,,No,Sulfa drugs,No
P020,Farhan Reddy,47,Male,Delhi,New Delhi,177,94.5,30.2,Type 2 Diabetes,24,Severe,Frequent urination; Increased thirst; Slow healing wounds,Type 2 Diabetes Mellitus,9.9,180,154,83,,,,Metformin (12 mo); Glimepiride (3 mo),,Diabetes: Yes; Hypertension: Yes,,Current,Occasional,Unknown,,No
P021,Sunita Verma,52,Female,Odisha,Bhubaneswar,160,80.6,31.5,COPD,,,,,,,,,,10.2,32.8,Salbutamol inhaler (12 mo),,COPD: Yes,,Current,,Unknown,,Unknown
P022,Divya Khan,39,Female,Delhi,New Delhi,181,94.6,28.9,Rheumatoid Arthritis,18,,Joint pain; Morning stiffness; Joint swelling,,,,,,99.6,8.8,40.5,Methotrexate (4 mo),,Autoimmune disease: Yes,,,,Unknown,Sulfa drugs,Unknown
P023,Farhan Patel,28,Male,Delhi,New Delhi,165,67.1,24.6,,,,,,5.6,,119,80,,,80.5,,,,,Never,Occasional,No,,No
P024,Meera Nair,63,Female,Kerala,Kochi,169,92.3,32.3,Type 2 Diabetes,60,Severe,Frequent urination,Type 2 Diabetes Mellitus,10.7,142,150,86,93.0,10.4,84.2,Metformin (6 mo),Sulfonylurea,Diabetes: Yes; Cardiovascular disease: Yes,Pregnant,Current,Occasional,Unknown,,No
P025,Nandini Mehta,29,Female,Maharashtra,Nagpur,157,56.3,22.8,Type 2 Diabetes,10,Mild,Slow healing wounds; Fatigue,Type 2 Diabetes Mellitus,6.7,143,158,90,,,,Metformin (6 mo); Telmisartan (12 mo),,Diabetes: Yes; Cardiovascular disease: Yes; Cancer: Yes,Not Pregnant,Never,Occasional,Unknown,Penicillin,No
P026,Aditya Das,72,Male,Uttar Pradesh,Varanasi,171,99.3,34.0,Type 2 Diabetes,60,Severe,Fatigue; Slow healing wounds,Type 2 Diabetes Mellitus,10.2,236,143,85,,,,Metformin (6 mo); Telmisartan (12 mo),Sulfonylurea,Diabetes: Yes; Hypertension: Yes,,Current,Never,Unknown,Penicillin,No
P027,Suresh Khan,56,Male,West Bengal,Kolkata,159,55.3,21.9,Hypertension,60,Moderate,Headache; Dizziness,,,,149,101,55.2,11.2,82.8,Amlodipine (6 mo),,Hypertension: Yes,,,,Unknown,Sulfa drugs,Unknown
P028,Divya Verma,63,Female,Odisha,Cuttack,166,63.3,23.0,Type 2 Diabetes,36,Moderate,Slow healing wounds; Blurred vision; Frequent urination,Type 2 Diabetes Mellitus,8.8,154,168,88,60.1,,,Telmisartan (12 mo),,Diabetes: Yes; Hypertension: Yes,Pregnant,Former,Occasional,Yes,Penicillin,Unknown
P029,Nisha Chatterjee,68,Female,Gujarat,Ahmedabad,177,71.0,22.7,COPD,,,,,,,,,,,,Salbutamol inhaler (12 mo),,COPD: Yes,,Current,,Unknown,Sulfa drugs,Unknown
P030,Rekha Singh,31,Female,Punjab,Amritsar,178,97.0,30.6,Rheumatoid Arthritis,36,,Joint pain; Morning stiffness; Joint swelling,,,,,,64.1,,,Methotrexate (8 mo),,Autoimmune disease: Yes,,,,Unknown,Sulfa drugs,No
P031,Harleen Desai,32,Female,Odisha,Cuttack,171,95.7,32.7,,,,,,5.6,,121,81,94.8,,,,,,,Never,Never,Unknown,Sulfa drugs,Unknown
P032,Kabir Patel,47,Male,Uttar Pradesh,Lucknow,172,98.6,33.3,Type 2 Diabetes,24,Mild,Fatigue; Blurred vision; Slow healing wounds,Type 2 Diabetes Mellitus,7.7,160,131,86,,11.5,63.2,Metformin (6 mo); Glimepiride (3 mo),,Diabetes: Yes; Hypertension: Yes,,Current,Occasional,Yes,Penicillin,No
P033,Sneha Rao,47,Female,Gujarat,Surat,153,69.4,29.6,Type 2 Diabetes,60,Moderate,Numbness in feet,Type 2 Diabetes Mellitus,5.9,216,139,74,,,,,,Diabetes: Yes,Not Pregnant,Never,Occasional,Unknown,,No
P034,Imran Reddy,58,Male,Uttar Pradesh,Lucknow,169,89.0,31.2,Type 2 Diabetes,24,Moderate,Frequent urination,Type 2 Diabetes Mellitus,6.7,119,147,101,,,78.9,Metformin (12 mo); Telmisartan (12 mo),,Diabetes: Yes,,Never,Regular,Unknown,Penicillin,No
P035,Suresh Rao,42,Male,Telangana,Warangal,169,94.1,32.9,Hypertension,14,Severe,Headache; Dizziness,,8.3,,149,106,77.1,,,Amlodipine (24 mo),,Hypertension: Yes; Diabetes: Yes,,,,No,Sulfa drugs,Unknown
P036,Diya Nair,58,Female,West Bengal,Howrah,182,54.5,16.5,Type 2 Diabetes,60,Moderate,Fatigue; Frequent urination; Blurred vision,Type 2 Diabetes Mellitus,8.2,194,158,100,,14.5,,Metformin (24 mo),,Diabetes: Yes,Not Pregnant,Former,Never,Unknown,Sulfa drugs,No
P037,Meera Bose,24,Female,Uttar Pradesh,Lucknow,171,83.9,28.7,Asthma,,,,,,,,,,,81.9,Salbutamol inhaler (12 mo),,Asthma: Yes,,Current,,Unknown,,Unknown
P038,Kavya Banerjee,62,Female,Punjab,Ludhiana,159,103.1,40.8,Rheumatoid Arthritis,18,,Joint pain; Morning stiffness; Joint swelling,,,,,,109.6,10.9,,Methotrexate (4 mo),,Autoimmune disease: Yes,,,,No,,Unknown
P039,Diya Reddy,32,Female,Tamil Nadu,Madurai,163,54.4,20.5,,,,,,5.3,,117,77,104.3,,,,,,,Never,Never,Yes,,Unknown
P040,Amit Singh,52,Male,Gujarat,Surat,172,75.5,25.5,Type 2 Diabetes,4,Mild,Slow healing wounds; Frequent urination; Blurred vision,Type 2 Diabetes Mellitus,9.1,109,133,92,95.1,11.5,,Metformin (12 mo); Glimepiride (12 mo),,Diabetes: Yes,,Never,Regular,Unknown,Penicillin,No
P041,Lakshmi Reddy,58,Female,Telangana,Hyderabad,172,74.6,25.2,Type 2 Diabetes,4,Mild,Fatigue,Type 2 Diabetes Mellitus,6.3,203,162,90,85.4,,60.8,Metformin (24 mo),,Diabetes: Yes; Hypertension: Yes,Not Pregnant,Never,Occasional,Unknown,Penicillin,No
P042,Nandini Sharma,29,Female,Kerala,Kozhikode,170,84.0,29.1,Type 2 Diabetes,60,Moderate,Frequent urination; Fatigue,Type 2 Diabetes Mellitus,6.8,198,135,84,97.3,13.6,24.3,Metformin (6 mo),,Diabetes: Yes; Hypertension: Yes,Not Pregnant,Never,Never,Yes,Sulfa drugs,No
P043,Rajesh Pillai,42,Male,Delhi,New Delhi,174,54.4,18.0,Hypertension,30,Severe,Headache; Dizziness,,,,167,94,74.0,10.5,28.6,Amlodipine (6 mo),,Hypertension: Yes,,,,No,Penicillin,No
P044,Aarav Desai,66,Male,Uttar Pradesh,Varanasi,164,55.2,20.5,Type 2 Diabetes,120,Moderate,Fatigue,Type 2 Diabetes Mellitus,8.8,194,137,85,108.2,12.4,,Metformin (12 mo); Glimepiride (3 mo),Sulfonylurea,Diabetes: Yes; Cancer: Yes,,Current,Occasional,Yes,Penicillin,No
P045,Pooja Mukherjee,45,Female,Telangana,Hyderabad,152,83.5,36.1,Asthma,,,,,,,,,64.2,12.5,,Salbutamol inhaler (12 mo),,Asthma: Yes,,Current,,Unknown,,No
P046,Suresh Kulkarni,62,Male,Punjab,Patiala,164,99.8,37.1,Rheumatoid Arthritis,18,,Joint pain; Morning stiffness; Joint swelling,,,,,,82.7,,,Methotrexate (14 mo),,Autoimmune disease: Yes,,,,No,,No
P047,Imran Khan,21,Male,Uttar Pradesh,Kanpur,151,68.6,30.1,,,,,,5.4,,128,71,,,,,,,,Former,Occasional,Unknown,Sulfa drugs,No
P048,Aisha Singh,34,Female,Punjab,Amritsar,166,101.6,36.9,Type 2 Diabetes,4,Moderate,Slow healing wounds; Fatigue; Increased thirst,Type 2 Diabetes Mellitus,8.5,124,131,86,,,,Metformin (24 mo),,Diabetes: Yes; Cancer: Yes,Pregnant,Former,Occasional,Unknown,Penicillin,Unknown
P049,Ritu Reddy,72,Female,Delhi,New Delhi,154,87.7,37.0,Type 2 Diabetes,24,Severe,Frequent urination; Slow healing wounds,Type 2 Diabetes Mellitus,10.1,214,154,97,32.2,,77.4,Metformin (24 mo); Telmisartan (12 mo),,Diabetes: Yes; Kidney disease: Yes,Not Pregnant,Never,Occasional,Unknown,Penicillin,No
P050,Harleen Bose,29,Female,Gujarat,Ahmedabad,155,94.6,39.4,Type 2 Diabetes,10,Severe,Blurred vision; Slow healing wounds; Fatigue,Type 2 Diabetes Mellitus,8.0,195,131,86,,10.2,,Metformin (24 mo); Telmisartan (6 mo),,Diabetes: Yes; Hypertension: Yes,Pregnant,Never,Occasional,No,,No
P051,Imran Banerjee,74,Male,Maharashtra,Mumbai,159,98.7,39.0,Hypertension,60,Moderate,Headache; Dizziness,,,,183,92,95.5,,46.8,Amlodipine (12 mo),,Hypertension: Yes,,,,Yes,,No
P052,Ananya Banerjee,47,Female,Telangana,Hyderabad,177,84.4,26.9,Type 2 Diabetes,10,Mild,Frequent urination; Fatigue,Type 2 Diabetes Mellitus,10.8,166,163,95,107.7,,,Metformin (24 mo); Glimepiride (3 mo); Telmisartan (6 mo),Sulfonylurea,Diabetes: Yes; Cancer: Yes,Not Pregnant,Current,Regular,Unknown,,No
P053,Aarav Reddy,24,Male,Punjab,Amritsar,158,71.3,28.6,COPD,,,,,,,,,,11.1,75.5,Salbutamol inhaler (12 mo),,COPD: Yes,,Never,,No,,No
P054,Meera Rao,62,Female,Punjab,Patiala,174,55.5,18.3,Rheumatoid Arthritis,18,,Joint pain; Morning stiffness; Joint swelling,,,,,,104.1,,,Methotrexate (14 mo),,Autoimmune disease: Yes,,,,Unknown,,Unknown
P055,Vivaan Patel,28,Male,Delhi,New Delhi,151,59.2,26.0,,,,,,5.6,,119,82,95.8,14.3,68.5,,,,,Former,Occasional,No,,No
P056,Nandini Chatterjee,63,Female,Gujarat,Vadodara,164,101.6,37.8,Type 2 Diabetes,10,Severe,Frequent urination; Blurred vision,Type 2 Diabetes Mellitus,7.8,212,132,76,93.0,15.1,,Metformin (12 mo),,Diabetes: Yes,Not Pregnant,Former,Regular,Unknown,Sulfa drugs,No
P057,Ananya Banerjee,72,Female,Tamil Nadu,Madurai,172,72.5,24.5,Type 2 Diabetes,4,Moderate,Frequent urination; Blurred vision; Numbness in feet,Type 2 Diabetes Mellitus,7.8,154,149,91,,12.6,,Metformin (12 mo); Glimepiride (3 mo),,Diabetes: Yes; Cancer: Yes,Not Pregnant,Former,Occasional,Yes,,Unknown
P058,Priya Reddy,72,Female,Uttar Pradesh,Lucknow,179,72.9,22.8,Type 2 Diabetes,120,Moderate,Frequent urination,Type 2 Diabetes Mellitus,7.7,109,147,99,116.9,14.4,48.7,,,Diabetes: Yes; Cardiovascular disease: Yes,Not Pregnant,Former,Occasional,Yes,Sulfa drugs,No
P059,Arjun Rao,48,Male,Telangana,Hyderabad,164,86.1,32.0,Hypertension,14,Moderate,Headache; Dizziness,,,,164,106,68.7,9.6,,Amlodipine (6 mo),,Hypertension: Yes,,,,Unknown,Penicillin,No
P060,Priya Banerjee,71,Female,Delhi,New Delhi,170,78.8,27.3,Type 2 Diabetes,120,Moderate,Fatigue; Frequent urination; Blurred vision,Type 2 Diabetes Mellitus,8.7,170,127,100,103.2,,36.9,Metformin (24 mo),,Diabetes: Yes; Hypertension: Yes; Cardiovascular disease: Yes,Not Pregnant,Current,Occasional,Yes,Penicillin,No
P061,Vivaan Chatterjee,45,Male,Tamil Nadu,Coimbatore,163,74.0,27.9,Asthma,,,,,,,,,,11.0,,Salbutamol inhaler (12 mo),,COPD: Yes,,Current,,No,,No
P062,Vikram Joshi,62,Male,Uttar Pradesh,Lucknow,155,50.8,21.1,Rheumatoid Arthritis,18,,Joint pain; Morning stiffness; Joint swelling,,,,,,,,,Methotrexate (4 mo),,Autoimmune disease: Yes,,,,No,,Unknown
P063,Pranav Reddy,32,Male,Uttar Pradesh,Kanpur,178,75.9,24.0,,,,,,5.3,,127,73,92.6,,,,,,,Never,Never,No,,No
P064,Rajesh Rao,29,Male,Tamil Nadu,Coimbatore,173,90.8,30.3,Type 2 Diabetes,4,Severe,Frequent urination,Type 2 Diabetes Mellitus,8.9,127,148,76,99.7,9.4,54.5,Metformin (24 mo); Glimepiride (12 mo),,Diabetes: Yes; Hypertension: Yes,,Current,Never,Yes,,No
P065,Aisha Khan,66,Female,Punjab,Amritsar,155,103.5,43.1,Type 2 Diabetes,60,Moderate,Fatigue; Numbness in feet,Type 2 Diabetes Mellitus,10.3,175,156,82,,,,Glimepiride (12 mo); Telmisartan (12 mo),,Diabetes: Yes; Cancer: Yes,Not Pregnant,Current,Occasional,Yes,,No
P066,Diya Chatterjee,58,Female,Punjab,Patiala,154,49.1,20.7,Type 2 Diabetes,36,Moderate,Blurred vision,Type 2 Diabetes Mellitus,9.5,157,160,100,,10.2,,Telmisartan (6 mo),,Diabetes: Yes,Not Pregnant,Former,Occasional,Unknown,Penicillin,No
P067,Divya Mehta,51,Female,Telangana,Warangal,161,100.3,38.7,Hypertension,8,Severe,Headache; Dizziness,,,,181,96,87.3,10.4,,Amlodipine (12 mo),,Hypertension: Yes,,,,No,Sulfa drugs,No
P068,Divya Desai,41,Female,Karnataka,Bengaluru,176,63.2,20.4,Type 2 Diabetes,120,Moderate,Blurred vision,Type 2 Diabetes Mellitus,6.4,204,131,75,,10.4,77.2,Glimepiride (3 mo); Telmisartan (12 mo),,Diabetes: Yes; Hypertension: Yes; Cardiovascular disease: Yes,Pregnant,Current,Occasional,Unknown,,Unknown
P069,Aditya Khan,24,Male,West Bengal,Howrah,175,58.4,19.1,Asthma,,,,,,,,,,11.5,,Salbutamol inhaler (12 mo),,Asthma: Yes,,Current,,Yes,,No
P070,Vikram Mehta,39,Male,Karnataka,Bengaluru,161,88.9,34.3,Rheumatoid Arthritis,9,,Joint pain; Morning stiffness; Joint swelling,,,,,,73.6,,65.0,Methotrexate (14 mo),,Autoimmune disease: Yes,,,,Yes,Sulfa drugs,No
P071,Priya Verma,28,Female,Gujarat,Vadodara,153,103.0,44.0,,,,,,5.6,,110,75,100.5,12.9,,,,,,Never,Occasional,Unknown,,No
P072,Imran Khan,72,Male,Tamil Nadu,Coimbatore,172,99.7,33.7,Type 2 Diabetes,120,Mild,Frequent urination,Type 2 Diabetes Mellitus,10.7,141,151,80,,14.6,81.8,Metformin (6 mo),,Diabetes: Yes; Hypertension: Yes,,Never,Regular,Unknown,,Unknown
P073,Rekha Verma,29,Female,Uttar Pradesh,Lucknow,172,88.1,29.8,Type 2 Diabetes,4,Severe,Numbness in feet,Type 2 Diabetes Mellitus,8.2,172,143,76,66.3,12.8,,Metformin (12 mo),,Diabetes: Yes; Cardiovascular disease: Yes,Not Pregnant,Current,Never,Yes,Penicillin,No
P074,Manoj Desai,34,Male,Gujarat,Ahmedabad,172,85.1,28.8,Type 2 Diabetes,10,Moderate,Fatigue; Frequent urination,Type 2 Diabetes Mellitus,6.8,175,147,94,,,,Metformin (6 mo),Sulfonylurea,Diabetes: Yes,,Never,Never,Unknown,,Unknown
P075,Kabir Patel,48,Male,Punjab,Ludhiana,164,85.6,31.8,Hypertension,8,Severe,Headache; Dizziness,,9.2,,164,99,50.2,,,Amlodipine (6 mo),,Hypertension: Yes; Diabetes: Yes,,,,No,,No
P076,Rekha Kulkarni,72,Female,Karnataka,Mysuru,160,51.4,20.1,Type 2 Diabetes,120,Moderate,Frequent urination; Blurred vision; Increased thirst,Type 2 Diabetes Mellitus,9.5,178,121,84,86.9,9.9,,Metformin (12 mo); Telmisartan (12 mo),,Diabetes: Yes; Hypertension: Yes,Pregnant,Never,Regular,Yes,Penicillin,Unknown
P077,Diya Reddy,61,Female,Delhi,New Delhi,172,81.8,27.7,Asthma,,,,,,,,,112.1,14.6,32.6,Salbutamol inhaler (12 mo),,COPD: Yes,,Former,,Unknown,Sulfa drugs,Unknown
P078,Sunita Singh,62,Female,Karnataka,Hubballi,160,63.9,25.0,Rheumatoid Arthritis,36,,Joint pain; Morning stiffness; Joint swelling,,,,,,77.7,,,Methotrexate (8 mo),,Autoimmune disease: Yes,,,,Yes,Penicillin,Unknown
P079,Aisha Banerjee,21,Female,Gujarat,Ahmedabad,168,60.4,21.4,,,,,,5.2,,127,77,69.5,,60.4,,,,,Never,Occasional,No,Penicillin,No
P080,Amit Banerjee,41,Male,Uttar Pradesh,Lucknow,173,67.7,22.6,Type 2 Diabetes,120,Severe,Frequent urination,Type 2 Diabetes Mellitus,10.8,176,153,76,,,,Metformin (6 mo),,Diabetes: Yes,,Former,Never,Yes,Sulfa drugs,Unknown
