patient_id,clinical_notes
H01,"मरीज़ H01 की उम्र 52 वर्ष है और वह महिला (female) है। 6 साल से Type 2 Diabetes की समस्या है। HbA1c रिपोर्ट में 8.4% आया है। वर्तमान में Metformin 1000 mg दिन में दो बार ले रहा है। इतिहास में कैंसर, Heart Failure (हृदय विफलता), Kidney disease (किडनी की बीमारी) नहीं है। BMI 27 के आसपास है।"
H02,"मरीज़ H02 की उम्र 58 वर्ष है और वह पुरुष (male) है। 8 साल से Type 2 Diabetes की समस्या है। HbA1c रिपोर्ट में 9.1% आया है। वर्तमान में Metformin 500 mg ले रहा है। इतिहास में कैंसर, Heart Failure (हृदय विफलता), Kidney disease (किडनी की बीमारी) नहीं है। धूम्रपान नहीं करता। "
H03,"मरीज़ H03 की उम्र 45 वर्ष है और वह पुरुष (male) है। 5 साल से Type 2 Diabetes की समस्या है। HbA1c रिपोर्ट में 7.9% आया है। वर्तमान में Metformin 850 mg ले रहा है। इतिहास में कैंसर, Heart Failure (हृदय विफलता), Kidney disease (किडनी की बीमारी) नहीं है। धूम्रपान नहीं करता। "
H04,"मरीज़ H04 की उम्र 61 वर्ष है और वह महिला (female) है। 7 साल से Type 2 Diabetes की समस्या है। HbA1c रिपोर्ट में 8.8% आया है। वर्तमान में Metformin + Glimepiride ले रहा है। इतिहास में कैंसर, Heart Failure (हृदय विफलता), Kidney disease (किडनी की बीमारी) नहीं है। "
H05,"मरीज़ H05 की उम्र 38 वर्ष है और वह महिला (female) है। 4 साल से Type 2 Diabetes की समस्या है। HbA1c रिपोर्ट में 8.1% आया है। वर्तमान में Metformin 500 mg ले रहा है। इतिहास में कैंसर, Heart Failure (हृदय विफलता), Kidney disease (किडनी की बीमारी) नहीं है। "
H06,"मरीज़ H06 की उम्र 33 वर्ष है और वह पुरुष (male) है। 0.4 साल से Type 2 Diabetes की समस्या है। HbA1c रिपोर्ट में 6.8% आया है। वर्तमान में कोई दवा नहीं - diet control ले रहा है। इतिहास में कैंसर, Heart Failure (हृदय विफलता), Kidney disease (किडनी की बीमारी) नहीं है। धूम्रपान नहीं करता। हाल में ही diabetes पता चला है।"
H07,"मरीज़ H07 की उम्र 48 वर्ष है और वह पुरुष (male) है। 9 साल से Type 2 Diabetes की समस्या है। HbA1c रिपोर्ट में 11.5% आया है। वर्तमान में Insulin 20 units ले रहा है। इतिहास में कैंसर, Heart Failure (हृदय विफलता), Kidney disease (किडनी की बीमारी) नहीं है। धूम्रपान नहीं करता। Insulin शुरू हो गया है।"
H08,"मरीज़ H08 की उम्र 55 वर्ष है और वह महिला (female) है। 2 साल से Type 2 Diabetes की समस्या है। HbA1c रिपोर्ट में 7.1% आया है। वर्तमान में Glimepiride 1 mg ले रहा है। इतिहास में कैंसर, Heart Failure (हृदय विफलता), Kidney disease (किडनी की बीमारी) नहीं है। "
H09,"मरीज़ H09, उम्र 34 वर्ष, महिला (female)। पिछले 5 साल से Asthma (दमा) है, doctor ने mild persistent asthma बताया है। वर्तमान में Salbutamol inhaler ले रहा है। हाल की जांच में FEV1 78% of predicted मिला। पिछले 2 साल से धूम्रपान नहीं करता। COPD जैसी कोई दिक्कत नहीं है।"
H10,"मरीज़ H10, उम्र 41 वर्ष, पुरुष (male)। पिछले 3 साल से Asthma (दमा) है, doctor ने mild persistent asthma बताया है। वर्तमान में Salbutamol inhaler ले रहा है। हाल की जांच में FEV1 71% of predicted मिला। पिछले 2 साल से धूम्रपान नहीं करता। COPD जैसी कोई दिक्कत नहीं है।"
H11,"मरीज़ H11, उम्र 27 वर्ष, महिला (female)। पिछले 2 साल से Asthma (दमा) है, doctor ने mild persistent asthma बताया है। वर्तमान में Salbutamol inhaler ले रहा है। हाल की जांच में FEV1 84% of predicted मिला। पिछले 2 साल से धूम्रपान नहीं करता। COPD जैसी कोई दिक्कत नहीं है।"
H12,"मरीज़ H12, उम्र 52 वर्ष, पुरुष (male)। पिछले 8 साल से Asthma (दमा) है, doctor ने mild persistent asthma बताया है। वर्तमान में Salbutamol inhaler ले रहा है। हाल की जांच में FEV1 88% of predicted मिला। COPD जैसी कोई दिक्कत नहीं है।"
H13,"मरीज़ H13, उम्र 22 वर्ष, महिला (female)। पिछले 4 साल से Asthma (दमा) है, doctor ने mild persistent asthma बताया है। वर्तमान में Salbutamol inhaler ले रहा है। हाल की जांच में FEV1 55% of predicted मिला। पिछले 2 साल से धूम्रपान नहीं करता। COPD जैसी कोई दिक्कत नहीं है।"
H14,"मरीज़ H14 की उम्र 29 वर्ष है और वह पुरुष (male) है। कोई बीमारी नहीं है - no diabetes, no BP problem, कोई दवा नहीं ले रहा। सभी lab reports normal हैं। धूम्रपान या शराब का सेवन नहीं करता। पेट साफ, नींद normal।"
H15,"मरीज़ H15 की उम्र 24 वर्ष है और वह महिला (female) है। कोई बीमारी नहीं है - no diabetes, no BP problem, कोई दवा नहीं ले रहा। सभी lab reports normal हैं। धूम्रपान या शराब का सेवन नहीं करता। पेट साफ, नींद normal।"
H16,"मरीज़ H16 की उम्र 31 वर्ष है और वह पुरुष (male) है। कोई बीमारी नहीं है - no diabetes, no BP problem, कोई दवा नहीं ले रहा। सभी lab reports normal हैं। धूम्रपान या शराब का सेवन नहीं करता। पेट साफ, नींद normal।"
H17,"मरीज़ H17 की उम्र 43 वर्ष है और वह पुरुष (male) है। कोई बीमारी नहीं है - no diabetes, no BP problem, कोई दवा नहीं ले रहा। सभी lab reports normal हैं। धूम्रपान या शराब का सेवन नहीं करता। पेट साफ, नींद normal।"
H18,"मरीज़ H18 की उम्र 26 वर्ष है, महिला (female)। Hypertension (उच्च रक्तचाप) 2 साल से है, Amlodipine ले रही है। बाकी सब normal।"
H19,"मरीज़ H19, उम्र 56 वर्ष, पुरुष (male)। 4 साल से Hypertension (उच्च रक्तचाप) है। आज की रिपोर्ट में blood pressure 162/96 mmHg है despite Amlodipine 5 mg। Sugar नहीं है, किडनी normal है, धूम्रपान नहीं करता।"
H20,"मरीज़ H20, उम्र 63 वर्ष, महिला (female)। 6 साल से Hypertension (उच्च रक्तचाप) है। आज की रिपोर्ट में blood pressure 154/92 mmHg है despite Amlodipine 5 mg। Sugar नहीं है, किडनी normal है, धूम्रपान नहीं करता।"
H21,"मरीज़ H21, उम्र 47 वर्ष, पुरुष (male)। 3 साल से Hypertension (उच्च रक्तचाप) है। आज की रिपोर्ट में blood pressure 171/101 mmHg है despite Amlodipine 5 mg। Sugar नहीं है, किडनी normal है, धूम्रपान नहीं करता।"
H22,"मरीज़ H22, उम्र 44 वर्ष, महिला (female)। 2 साल से Hypertension (उच्च रक्तचाप) है। आज की रिपोर्ट में blood pressure 128/82 mmHg है despite Amlodipine 5 mg। Sugar नहीं है, किडनी normal है, धूम्रपान नहीं करता।"
H23,"मरीज़ H23, उम्र 42 वर्ष, पुरुष (male)। Ultrasound में fatty liver (NAFLD) दिखा है। BMI 28 है। शराब नहीं पीता। Hepatitis B या C नहीं है। शेष जांच normal।"
H24,"मरीज़ H24, उम्र 38 वर्ष, महिला (female)। Fatty liver disease की शिकायत, ultrasound confirmed। BMI 27.5। Alcohol कभी नहीं। कोई cirrhosis नहीं।"
H25,"मरीज़ H25, उम्र 51 वर्ष, पुरुष (male)। रोज़ शराब पीता है, ultrasound में fatty liver। BMI 29।"
